tweet_id,author_id,inbound,created_at,text,response_tweet_id,in_response_to_tweet_id,root_id
382761,206721,True,Sat Oct 21 14:09:41 +0000 2017,@AmazonHelp @115850 there is a major problem with customer support team.. had a quite disturbing experience today...,382759,,382761.0
1278089,419100,True,Thu Oct 26 20:27:11 +0000 2017,@AmazonHelp Relais Colis :( Malheureusement,1278090,1278088.0,1278085.0
1020080,265305,True,Sat Nov 25 17:43:44 +0000 2017,@AmazonHelp my most recent order hasn't shipped yet but you know I'm prayin' that it comes via FedEx or UPS,1020082,1020079.0,1020081.0
1337985,432081,True,Fri Oct 27 15:03:04 +0000 2017,@AmazonHelp Entonces solo se puede devolver el producto ?,1337987,1337984.0,1337989.0
1506885,187887,True,Mon Oct 16 23:14:20 +0000 2017,"@469735 @115821 @13579 Hrm, when that happened what was the delivery message? 
Maybe I should go check stairs around apt complex.",1506884,1506886.0,1506887.0
2162421,634951,True,Thu Oct 19 11:37:10 +0000 2017,"@AmazonHelp Ah. Danke, das erklärt es natürlich.",,2162420.0,2162422.0
1862587,556602,True,Wed Oct 18 07:33:30 +0000 2017,"Great job by @115850 ! Order was supposed to come by 24 oct, got it delivered today. Real quick. Impressive. Thank you &amp; happy Diwali. :)","1862586,1862588",,1862587.0
2422796,695846,True,Tue Nov 14 18:14:24 +0000 2017,"@130293 Lo mismo que el compañero, CSI Las Vegas episodio 11x06 sólo está en latino. Es un error que sucede a menudo.",2422795,2422797.0,2422797.0
279986,182732,True,Fri Oct 06 08:52:52 +0000 2017,Amazon発送のミニスーファミは駄目かもしれんね。やっぱり文字化けトラブル組かあ。,279985,,279986.0
1899902,566201,True,Wed Oct 18 13:07:22 +0000 2017,"@AmazonHelp 3 browsers, two phones and 4 locations. All the same",,1899900.0,1899909.0
2740613,767772,True,Mon Nov 20 17:52:55 +0000 2017,On the phone with @115821 again for another botched delivery. They have no idea what they are doing.,2740611,,2740613.0
942139,343342,True,Sat Oct 21 16:10:35 +0000 2017,@115821 I’m supposed to open my bag of dog food when I get it. It’s not supposed to be shipped to me already open https://t.co/wWbsyCIeXD,942137,,942139.0
1150854,390824,True,Tue Oct 24 14:47:07 +0000 2017,@115850 The order amount is not small m it's 1300 bucks. This is so ridiculous. Never expected such thing from you guys.,1150853,1150855.0,1150855.0
432947,169505,True,Tue Oct 10 15:36:17 +0000 2017,@115850 order no. 403-7992585-3142701 was suppsd to arrive by 25/09. Item not rcivd yet. Cust Ex ensre to rslv in 48 hrs thy nvr call back,"432945,432950",,432947.0
539816,245183,True,Sat Dec 02 14:53:58 +0000 2017,I am not sure why I preorder from @116090 because they rarely fulfill the release street date of musical box sets. #U2SongsofExperience #december1st @128020,539815,,539816.0
2299555,667443,True,Sun Nov 12 15:54:22 +0000 2017,@AmazonHelp I've been charged by you but haven't bought anything .. Can u not,2299553,,2299555.0
423239,215768,True,Tue Oct 10 11:25:50 +0000 2017,@AmazonHelp Non il s'agit sac à dos AmazonBasics...,423241,423238.0,423240.0
2329642,622225,True,Fri Oct 20 00:51:03 +0000 2017,"@AmazonHelp Exchange then request refund. But that was ""Not possible"". 2 of 2",,2329641.0,2329645.0
1621281,496822,True,Mon Nov 06 12:00:35 +0000 2017,@AmazonHelp and please change the name of this handle to cutomer harrasement. Thanks @115851,1621283,1621280.0,1621294.0
577791,256004,True,Sun Dec 03 09:49:21 +0000 2017,Amazonミュージックアンリミテッド…そんなたくさんの音楽聴かないだろうとか思ってたのに無料お試し始めたら開始五分で最上級の幸せ噛みしめてる。,577790,,577791.0
814860,314056,True,Thu Oct 12 20:20:05 +0000 2017,Merci @AmazonHelp de ne plus utiliser @132988. J'espère que c'est définitif 🤞 https://t.co/NZHgL8BGFn,814858,,814860.0
1645579,502842,True,Tue Oct 17 13:42:10 +0000 2017,"あのね、あのね、amazonでね注文確定したのね？
その後またカートにもどったのね、大丈夫だよね？ね？大丈夫だよね？
心配症なの。勉強集中できない。笑",1645578,,1645579.0
1880224,561162,True,Wed Oct 18 10:34:47 +0000 2017,@115850 they said they will send their engineer. Order id:408-0945492-0921138,"1880223,1880225",,1880224.0
255083,176639,True,Thu Oct 05 20:45:16 +0000 2017,"@AmazonHelp No worries, thank you. On with the chat now.",,255081.0,255077.0
385400,207247,True,Tue Oct 10 10:54:06 +0000 2017,@AmazonHelp Yes i have shared the information thrice now.. Nobody knows where the product is and delivery people are updating false status on tracking..,385401,385399.0,385393.0
255032,176630,True,Thu Oct 05 18:44:08 +0000 2017,"@AmazonHelp The Amazon seller app is reporting inaccurate info, searching Amazon shopping app returns no results.",255034,255031.0,255033.0
2334561,675572,True,Fri Oct 20 13:49:13 +0000 2017,@AmazonHelp My problem does not fit in any of the categories you list as help subjects. How am I supposed to reach out for my problem?,,2334560.0,2334557.0
1079091,374549,True,Mon Oct 23 19:21:03 +0000 2017,ouah amazon depuis quand vous faites sa ? (CECI EST UN MONTAGE) @120533 https://t.co/38QsOfFPEU,1079089,,1079091.0
2748336,281383,True,Mon Nov 20 23:05:00 +0000 2017,Literally raging! How does Amazon think that sending my tiny travel bottle of Moroccanoil in all of this packaging is acceptable? What an absolute waste. This is why I’m always angry! Stupidity like this!!!!!!  @115821 https://t.co/nOsr8064cO,2748335,,2748336.0
1664433,507252,True,Mon Nov 06 10:07:29 +0000 2017,"@115850 I need to change my delivery location, no way to speak with someone to change. Can someone call me or sort this for me online?","1664432,1664434",,1664433.0
9791,117793,True,Wed Nov 01 00:05:55 +0000 2017,Ordered cases for our new iPhone X and @115821 sent me iPhone 8 cases for BOTH ones. NOT THE SAME PHONE! #pissed,9789,,9791.0
921194,193234,True,Sat Oct 21 05:14:07 +0000 2017,"@AmazonHelp Let me tell u @AmazonHelp that ur courier service is terrible ,u people rely on third party for delivery &amp; they make this exprnc pathetic","921195,921193",921196.0,921196.0
425142,216152,True,Mon Nov 20 19:09:38 +0000 2017,@AmazonHelp Don't worry I will #averyunhappycustomer,,425141.0,425140.0
1556276,481173,True,Sat Nov 04 12:06:01 +0000 2017,"Wtf 
Hey @115850  no one attempt any delivery for my product...
But your app shows it..
I m prime member but still 4 days 2 deliver prodct https://t.co/dRRzLLqaci",1556275,,1556276.0
1447967,456016,True,Thu Nov 02 17:03:07 +0000 2017,"@AmazonHelp The fifth try worked, Finally got to talk to someone who helped. Five calls and an hour on the phone.",,1447965.0,1447969.0
441022,219632,True,Wed Oct 18 08:23:22 +0000 2017,"@AmazonHelp I’ve bought a kindle book instead of a real book, can I change it please?",441021,,441022.0
606064,141169,True,Wed Nov 22 11:22:06 +0000 2017,@AmazonHelp Thank you!!,606063,606065.0,606066.0
76035,133016,True,Thu Nov 30 11:34:10 +0000 2017,@116928  y @4498 unos inútiles. Llevo 2 semanas pidiendo la recogida de un paquete y todavía no se han presentado. #inutiles #decepcion #amazonsucks,76033,,76035.0
1379449,441141,True,Mon Oct 16 15:32:48 +0000 2017,"@AmazonHelp Reported more than 20 times in last 20 days... poor Customer support @115850 @AmazonHelp 
you first check with your team. No reply to mail",1379451,1379448.0,1379450.0
984241,353329,True,Sun Oct 22 10:06:45 +0000 2017,"@AmazonHelp Isn't this funny , you send a damaged product and then you do something so that the customer can't even return it . https://t.co/mhDhNpnwm0","984243,984244",984240.0,984242.0
2280079,171648,True,Sat Nov 11 20:06:59 +0000 2017,@AmazonHelp They told me it's can't be Unhold. And the Fraude Company didn't know about the Amazon pay balance. It's Fraud company.,,2280077.0,2280051.0
312129,190545,True,Sat Oct 07 07:24:58 +0000 2017,@AmazonHelp I did. I was asked to supply another phone no.,312131,312128.0,312130.0
35893,743032,True,Fri Nov 17 18:06:51 +0000 2017,@123813 Cuanto?,2631378,35857.0,35857.0
1394407,444278,True,Mon Oct 16 16:12:57 +0000 2017,Why are you not putting names on parcels @115830 ?! All 3 parcels received in the last week had no name #frustrating,1394405,,1394407.0
2532785,365810,True,Mon Oct 30 12:17:35 +0000 2017,@AmazonHelp Waitinggggg!!!,,2532784.0,2532786.0
789705,297517,True,Fri Oct 13 13:32:40 +0000 2017,@AmazonHelp @115821 @115850 u fools stop playing with your link and response games... To clear your air there no response lst response was on 10/11/17,"789706,789707",789703.0,789693.0
1735577,524030,True,Tue Oct 17 19:23:25 +0000 2017,@115830 hi My delivery hasn’t arrived yet. I don’t know what to do &amp; the driver hasn’t put any delivery card notice on front of my door.,1735573,,1735577.0
2928402,650797,True,Wed Nov 29 04:20:45 +0000 2017,Jesus Christ @AmazonHelp @115850 @115821! This is how you’re dealing with prime members. AFTER you doubled the price for prime membership? https://t.co/zWfpwTs0HZ,"2928403,2928404,2928400",,2928402.0
2380809,529487,True,Tue Nov 14 05:26:06 +0000 2017,"It's an emergency.. 
Please @115850 deliver these two products as soon as possible.. https://t.co/XfosS2CDgn",2380807,,2380809.0
735310,219794,True,Wed Oct 11 15:40:50 +0000 2017,@AmazonHelp Lol which mail....see I told u @115821 @115850 have a #pathetic system in place #Amazon....@138673 losing customers as well,735311,735309.0,735308.0
222731,169204,True,Thu Oct 05 04:58:50 +0000 2017,@AmazonHelp it says it's AMZL US,222732,222730.0,222729.0
1081753,156741,True,Sun Oct 15 00:32:16 +0000 2017,"The Autobiography of Gucci Mane works with this deal!!!! Go!!

https://t.co/1EZJL6i1NS https://t.co/xLPgmnq12t",1081751,1081754.0,1081754.0
274697,181629,True,Sat Nov 25 06:27:26 +0000 2017,"@AmazonHelp No reply frm ur team ,evry time i need to beg them..#worstservice#",274698,274696.0,274705.0
2236329,652186,True,Fri Nov 10 17:26:32 +0000 2017,"@210100 @UPSHelp @116928 @AmazonHelp que se supone que llegó a Ourense, pero ni aviso, ni llamada, ni por supuesto el paquete, resulta que aquí reparten autónomos que usan un garaje de almacén, y eso de Pontevedra es ya apoteósico https://t.co/K9lMo7Wc4u",2236328,,2236329.0
1591526,489256,True,Sun Nov 05 00:20:10 +0000 2017,@115821 @AmazonHelp Package says being delivered today by 8 PM that it's out for delivery. 8:19 and nothing USPS delivery says Monday. Why?,1591524,,1591526.0
9765,117789,True,Wed Nov 01 00:32:15 +0000 2017,"@AmazonHelp Order date
06-Oct-2017
Order #
406-8895581-1413106
Order total
   3,719.00 (1 item) check out yourself",9768,9764.0,9767.0
2113632,623200,True,Wed Nov 08 16:18:37 +0000 2017,Ero a letto quando ho ricevuto la chiamata del corriere MI SONO SPUNTATE LE ALI AI PIEDI AMAZON MI HA TROLLATA MA SONO LA PERSONA PIÙ FELICE DEL MONDO CIAOOOO,2113631,2113633.0,2113637.0
2349520,679139,True,Tue Nov 14 14:04:43 +0000 2017,@AmazonHelp I don't get it. You said above that you've got my information?? Whom am I talking to?? Some real men or chatbots??,2349521,2349519.0,2349509.0
580591,244107,True,Sun Dec 03 11:51:59 +0000 2017,@115830 @AmazonHelp And the box is damaged!!! https://t.co/lPjl47ZMRo,580589,580597.0,580597.0
1721580,520979,True,Tue Oct 17 18:38:49 +0000 2017,@AmazonHelp I got this today. But we are waiting for the links for the gigs in Dublin. https://t.co/9XonIw9jY6,,1721579.0,1721582.0
1565851,477745,True,Sat Nov 04 15:25:15 +0000 2017,@AmazonHelp being given the option to sign up to a discounted amazon prime but only if i put in a baby name? No context on this screen? https://t.co/jmSixlG66B,1565850,,1565851.0
490463,231837,True,Fri Dec 01 17:00:32 +0000 2017,@AmazonHelp Bon après @132988 vient de me confirmer que je serai livré ce soir avant 18h. Mais j'ai pas demandé quel fuseau horaires :),490465,490462.0,490470.0
791035,308625,True,Thu Oct 12 12:40:53 +0000 2017,@123813 Cuando sacan la segunda temporada?,791034,791036.0,791036.0
2310811,670186,True,Mon Nov 13 04:39:48 +0000 2017,"@117093 @115851 Amazon Fresh is going to hell..you keep losing deliveries and trying to cancel service, you canceled Amazon Prime instead...WTF!! Customer service is shit!! At this rate, you'll never be a go to service",2310810,,2310811.0
595739,261164,True,Sun Dec 03 18:49:48 +0000 2017,@AmazonHelp It says to contact seller for details! First time I emailed they said they would send again and now they haven’t replied!,595738,595740.0,595741.0
1253662,402027,True,Thu Oct 26 06:13:19 +0000 2017,@AmazonHelp No tengo esa opción. https://t.co/JVKCVmMQfR,"1253661,1253663",1253664.0,1253665.0
428270,216862,True,Tue Oct 10 13:37:59 +0000 2017,@AmazonHelp how long does it take to investigate an acct? Acct was jacked &amp; I need access to it. Haven't heard anything in almost 2 wks.,428268,,428270.0
141029,147309,True,Fri Nov 24 12:18:20 +0000 2017,@AmazonHelp There are two deliveries due today. Designated delivery isn’t out for delivery. Replacement order hasn’t been dispatched. Amazon need to manage expectations. Don’t offer designated or prime delivery at this time of year and we’d know what to expect!,141031,141028.0,141030.0
2530691,122220,True,Mon Oct 30 10:46:47 +0000 2017,@AmazonHelp Zum Tag wo es raus kommt am 3.11 mach mir schon Gedanken 🙈ob’s ausverkauft sein wird bei euch !::/,2530693,2530690.0,2530692.0
917025,337705,True,Sat Oct 21 10:05:13 +0000 2017,@AmazonHelp えっと、特にクレームのつもりも無かったのですが…商品によってはあり得ることなんでしょうか？,917027,917024.0,917026.0
1500647,468410,True,Fri Nov 03 16:04:14 +0000 2017,"@AmazonHelp You just need to be the old Amazon that was awesome, but I'm sure you can't do that. I'll shop elsewhere, thanks for your concern.",1500650,1500646.0,1500649.0
2832987,788683,True,Mon Nov 27 16:29:12 +0000 2017,"@788682 @AmazonHelp Please keep us updated on this, I was being encouraged to buy a laptop from Amazon. I will rethink now.",,2832984.0,2832986.0
761843,302021,True,Wed Oct 11 20:38:21 +0000 2017,"hey  @117093 I need you to please stock a better selection of @71047 bars, specifically lemon poppy, maple pecan and coconut almond chocolate chip. As singles, not just bulk boxes please :-)",761842,,761843.0
2428216,697189,True,Sun Nov 26 17:58:56 +0000 2017,@115830 guys what going on with prime delivery. Showing as delivery on Wednesday??  We’re paying for a next day service?,2428213,,2428216.0
315750,191387,True,Sat Oct 07 07:40:00 +0000 2017,Amazonでアルバム予約してたんだけど発売日過ぎても全然届かないし連絡のメールすらこないんだけどどうなっとるん,"315749,315751",,315750.0
379929,206129,True,Mon Oct 09 10:00:45 +0000 2017,"@AmazonHelp Still error
if I include hyphens then it would be 15 total. 13digit + 2 hyphens","379930,379931",379927.0,379926.0
937309,342203,True,Sat Oct 21 18:10:46 +0000 2017,Dear @115830 this is not the wonder twins https://t.co/AvhzdenO2R,937308,,937309.0
2103724,621126,True,Thu Oct 19 00:58:50 +0000 2017,"@116316 Mein Paket sollte am 18.10 versandt werden, jetzt haben wir ja schon den 19.10 und ich hab noch keine Versandbestätigung erhalten😢",2103723,,2103724.0
954972,346582,True,Sat Oct 21 21:37:31 +0000 2017,"@AmazonHelp It’s 10:36 pm now, nothing here #poorservice","954973,954974",954971.0,954970.0
1865168,228276,True,Wed Oct 18 07:58:20 +0000 2017,Well that’s the first and LAST time I use @115830 to preorder a game! Utter rubbish promise of delivery on release day. @AmazonHelp,1865167,,1865168.0
973494,350873,True,Sat Oct 14 06:35:13 +0000 2017,@115850 Recieved soiled and dirty product delivered by Amazon today. Worst experience as this was supposed to be a Diwali Gift,973493,,973494.0
2749334,769778,True,Mon Nov 20 23:49:09 +0000 2017,@AmazonHelp i got a screen protector and the edges of it arent sticking....what do i do???,2749333,,2749334.0
2779131,138761,True,Tue Nov 21 16:22:05 +0000 2017,"I’ll tell you what I think about this photo @115830  :- 
READ MY DELIVERY INSTRUCTUONS! I SAID TO LEAVE THE PARCEL OUT OF SIGHT BEHIND THE BIN. I DID NOT SAY DUMP IT IN FRONT OF THE DOOR!!!!!!!!! https://t.co/wKpJA1pXon",2779129,,2779131.0
835822,318977,True,Fri Oct 13 08:19:08 +0000 2017,@119625 I download one movie but language not in hindi https://t.co/wlh1JLQ5Ra,835820,,835822.0
2959966,816935,True,Wed Nov 29 20:23:44 +0000 2017,Da kauf ich mal einen Film bei @116618 und es gibt nur eine Tonspur. Kommt einem vor wie tiefstes #Mittelalter. Da bin ich echt besseres gewohnt/verwöhnt. #FirstWorldProblems #FixIt,2959965,,2959966.0
826580,215375,True,Fri Oct 13 01:35:34 +0000 2017,@115850 any re-solution/update on my query? Havent heard from you people.,826578,,826580.0
802378,311199,True,Sat Oct 14 02:11:07 +0000 2017,@AmazonHelp Details have already been sent. Kindly make it hassle free for me and get the refund done ASAP.,802382,802376.0,802381.0
160365,152928,True,Fri Nov 24 18:19:05 +0000 2017,@AmazonHelp Alguma chance do box Mistborn voltar ao preço promocional? :),160364,,160365.0
575406,255390,True,Sun Dec 03 07:30:52 +0000 2017,Fraud @AmazonHelp never ever buy from https://t.co/eofEGP7HTP to deliver over dead. They will not deliver the package. They will not handle custom as they promise. They get your product lost. They will promise you to waive delivery if you buy again. They will cancel their promise,575404,,575406.0
988108,354115,True,Sat Oct 14 11:27:26 +0000 2017,@AmazonHelp  https://t.co/j8U1dWmwj0,,988106.0,988110.0
1832110,264909,True,Wed Nov 08 05:03:47 +0000 2017,"@AmazonHelp I reported the same issue almost 10 days back also... No response at all..
I think now I should consider this a bad debt. Was Not expected.","1832112,1832113",1832109.0,1832111.0
2734235,766350,True,Mon Nov 20 19:04:47 +0000 2017,"After spending $1000's of dollars with @115821, I'm done. Don't blow me off and expect me to be ok.",2734231,,2734235.0
1654680,505007,True,Mon Nov 06 02:18:40 +0000 2017,あまぞんプライムさんがポカリとかアイスとか届けてくれたよありがとうあまぞんプライムさん……都会に暮らしていて良かった………,1654679,,1654680.0
673218,280579,True,Thu Nov 23 08:59:40 +0000 2017,@AmazonHelp Even this link doesn't open...,673217,673219.0,673223.0
1089824,384699,True,Tue Oct 24 06:52:37 +0000 2017,@377115 @53379 @115850 @115821 Same thing has hapen to me I have ordered addidas shoes from my hard earned money and and Amazon is clueless about its whereabouts.,1122274,1089822.0,1089822.0
2419217,695033,True,Tue Nov 14 17:35:32 +0000 2017,"@115821, your customer service is failing. I just wasted an hour trying to order this. And when it goes to check out, it decides to add on $ https://t.co/IaQAGVQA2w",2419215,,2419217.0
1714847,519358,True,Tue Nov 07 02:06:05 +0000 2017,Starting to get REALLY irritated with the shipping of my Amazon package. So freaking late. Annoying.,1714846,,1714847.0
2363228,682325,True,Mon Nov 13 21:47:20 +0000 2017,@AmazonHelp At checkout it said it would be delivered Saturday. No order confirmation has been received by email. Shipping date was changed to Sunday on Saturday and now we're told tomorrow by customer service.,,2363227.0,2363230.0
2184554,495238,True,Thu Nov 09 16:54:04 +0000 2017,"@AmazonHelp M unable to contact them, please provide a valid nd working link.",2184552,2184555.0,1614523.0
2306102,658826,True,Mon Nov 13 03:31:04 +0000 2017,"@669036 @AmazonHelp You are not alone, two of mine have been “lost” by AMZL US in the last two days..",,2306100.0,2306096.0
1290967,421899,True,Thu Oct 26 20:48:12 +0000 2017,"@AmazonHelp Dans un souci d'efficacité le voici : C10043216793 
😊 Merci d'avance de ce que vous pourrez faire","1290968,1290969,1290970",1290966.0,1290976.0
1975831,585115,True,Thu Nov 30 20:22:36 +0000 2017,@115821 can I stop amazon prime trial,1975830,,1975831.0
1763844,530640,True,Tue Nov 07 21:19:21 +0000 2017,@AmazonHelp It’s timing out once submitted. And doesn’t connect the two. I’ve called and chatted. No one can help. It’s not HiltonHonors.,1763846,1763843.0,1763845.0
23993,121158,True,Wed Nov 01 08:26:45 +0000 2017,@118919 I got a DEAD PHONE from Amazon.I ordered Iphone 7 32 gb rose gold from GREEN MOBILES.CAN SOMEONE FROM AMAZON REPLY ME ON THIS https://t.co/uaBcViNPQq,23992,,23993.0
215738,167296,True,Wed Nov 22 00:47:28 +0000 2017,"@115821
Ordered Pokemon Ultra Sun, and is meant to be delivered by Nov. 22, 8pm, it's Nov. 22, 6:45 pm-according to the shipment updates it is ""not out for delivery"", should I be worried?",215737,,215738.0
2766256,200857,True,Thu Nov 16 20:01:11 +0000 2017,@132994 What do I gotta do for a *free* upgrade? 🕺,2766255,2766257.0,2766258.0
744102,297351,True,Thu Oct 12 16:27:31 +0000 2017,@AmazonHelp @115850 pls stop bullshiting.. Your own reply says I have written to ur supper staff.. See the screenshot https://t.co/4Aytogwj3v,744103,744101.0,744097.0
603141,263270,True,Sun Dec 03 22:30:42 +0000 2017,Guess @115821 doesn't care if our packages get stolen. What kind of delivery is this the front door is so close. https://t.co/8JlxjFqF17,603140,,603141.0
2364635,682696,True,Mon Nov 13 22:20:27 +0000 2017,"@115821 , I think you all need to revisit your @92507 ,my package arrived 5 days late and too add insult to injury, the carriers dog chewed my package,  what if it was food??? You might wanna revisit your logistics https://t.co/FlNiNHF1ip",2364634,,2364635.0
436260,218623,True,Tue Oct 10 16:49:22 +0000 2017,Hi @AmazonHelp! It would be great if you can provide bookmarks with orders(books) from @115850 ... 😊📓📓,"436259,436261",,436260.0
1565236,483228,True,Tue Oct 17 05:08:53 +0000 2017,I'm certain my Alexa is possessed. She randomly started playing religious radio and connects to random iPhones 😳😱@5503 @115833,1565235,,1565236.0
1199470,401819,True,Wed Oct 25 04:08:59 +0000 2017,ぎえぇぇ、Amazonを騙る詐欺メール来た,1199469,,1199470.0
1097329,378941,True,Sun Oct 15 06:55:47 +0000 2017,@AmazonHelp Thank you. Will reach out and provide you all proof against @155865,1097331,1097328.0,1097330.0
508062,236656,True,Fri Dec 01 22:08:45 +0000 2017,@AmazonHelp Tracking ID Q27028862833,508064,508061.0,508063.0
936685,342052,True,Sat Oct 21 18:14:03 +0000 2017,"@AmazonHelp Ayer hablé con atención al cliente, y me dijeron que hiciera un nuevo envío, hecho está, que llegue a tiempo ya es otra cosa.",,936684.0,936698.0
1570800,484383,True,Tue Oct 17 11:48:44 +0000 2017,@AmazonHelp I got a call from ur team clarifying the situation. Thanks.,1570801,1570799.0,1570798.0
278884,182508,True,Fri Oct 06 08:55:02 +0000 2017,@AmazonHelp Merci.Mais franchement pourquoi me fatiguer à écrire quoi que ce soit ? Vous continuerez d'employer les mêmes incapables - voire voleurs...,,278883.0,278886.0
1206134,403253,True,Wed Oct 25 09:08:11 +0000 2017,@115821 I am appalled at your prime membership. 2 items undelivered and only solution is to extend my membership. 30 mins of my time wasted.,1206130,,1206134.0
1614106,495130,True,Tue Oct 24 17:18:57 +0000 2017,@AmazonHelp today he called me 'Elena'. Your employees must be being paid very well...too well possibly...🤔,,1614105.0,1614107.0
1392924,443966,True,Sat Oct 28 12:59:16 +0000 2017,"@443965 @AmazonHelp I have a google home too, thankfully although it’s not officially support google had the good grace to put their app on the Irish store",,1392922.0,1392921.0
2835712,789306,True,Mon Nov 27 14:43:07 +0000 2017,"@789305 @115830 FFP = Free from Frustration Package = a cheaper box, same objects",2835710,2835713.0,2835713.0
2645180,746310,True,Tue Oct 31 06:55:20 +0000 2017,@AmazonHelp Mi hanno cancellato l’ordine...,2645182,2645179.0,2645181.0
382738,206717,True,Mon Oct 23 19:11:50 +0000 2017,@AmazonHelp Did that yesterday...,382739,382737.0,382736.0
2786326,777910,True,Tue Nov 21 17:38:31 +0000 2017,@777911 No and the fucks said that I might not get it until tomorrow because it was a late delivery. Like it isn't my fault the driver couldn't get here when they were supposed to.,2786325,2786327.0,2786328.0
1014692,360100,True,Sun Oct 22 20:14:56 +0000 2017,@AmazonHelp I'm a paper romantic,,1014691.0,1014693.0
779963,306231,True,Thu Oct 12 10:15:40 +0000 2017,@AmazonHelp .in,779964,779962.0,779967.0
2746012,769002,True,Mon Nov 20 22:09:14 +0000 2017,@119356 can you please check with TCL @41205 @127748  if they provide support for people who purchase tv from Amazon India. Complaint number 5355501 not resolved even after 50 + days #notclsupport,2746011,,2746012.0
651445,274939,True,Tue Oct 31 12:26:29 +0000 2017,"@116928 hola no encuentro facilmente el telefono al cual llamarles necesito ponerme en contacto con vosotros,me dais el numero x esta via",651443,,651445.0
2742957,768314,True,Mon Nov 20 13:29:17 +0000 2017,"@116875 hola. Se supone que iba a recibir un paquete ayer, pasó todo el día y nada. En la página sigue diciendo ""en camino"" pero con fecha de ayer... Cabe destacar que estoy usando Amazon Prime",2742956,,2742957.0
2550251,164805,True,Tue Oct 31 15:30:05 +0000 2017,@AmazonHelp It arrived! 😀👷‍♂️,2550252,2550250.0,2550248.0
2910388,419182,True,Tue Nov 28 21:17:09 +0000 2017,Hi @AmazonHelp I just accidentally deleted a book I was reading on my kindle...how can I get it back without paying for it again 🙈,2910387,,2910388.0
2766934,773754,True,Tue Nov 21 10:53:33 +0000 2017,"@AmazonHelp Order status is ""Refund issued"". Not contacted as yet (other than on here!).",2766936,2766933.0,2766935.0
456510,223408,True,Fri Dec 01 00:19:22 +0000 2017,"Hey @AmazonHelp If a huuuuuuge distributor of @2340 rather @134236 who is an authorized dealer on @115821 sends me fake, used goods should I ruin their entire racket or would y’all like to facilitate? how should we do this","456507,456517,456518",,456510.0
2004056,592613,True,Sat Nov 25 15:55:40 +0000 2017,"@AmazonHelp Thanks, I have sticked to the prime delivery to have a guaranteed date",,2004055.0,2004057.0
1631313,136734,True,Sun Nov 05 19:51:46 +0000 2017,Well done @115830 for leaving my package in full view for everyone to see!! Luckily that I seem to live around honest people!! https://t.co/YPBIEITPih,1631311,,1631313.0
2144454,630482,True,Thu Nov 09 00:45:19 +0000 2017,"@630481 @AmazonHelp I was only asking because I had the same problem, I have cctv of no attempted delivery. Yet notification and email of failed attempted delivery. Wondered if it was the same item.",2144455,2144453.0,2144448.0
167990,155080,True,Fri Nov 24 21:00:14 +0000 2017,@AmazonHelp Si si. Eso ya está hecho. Pero tampoco ofrecéis ni la resolución del problema. Con UPS esto no pasaba.,,167989.0,167991.0
2367894,683408,True,Mon Nov 13 23:35:15 +0000 2017,after a week of waiting on a auxiliary cord I ordered from amazon it finally came today &amp;&amp; the piece of shit doesn’t even work🖕🏾,2367893,,2367894.0
1223199,130878,True,Sat Nov 04 17:12:11 +0000 2017,@407008 @AmazonHelp  https://t.co/9kYT6rk2wr,,1223194.0,1223263.0
163632,153850,True,Fri Nov 24 19:20:18 +0000 2017,"@117086 meu pedido chegou e eu estou extremamente feliz, amo vocês",163630,,163632.0
2647225,746873,True,Fri Nov 17 23:02:43 +0000 2017,@AmazonHelp I'll check it out. Thank you :),,2647224.0,2647228.0
134826,146393,True,Fri Nov 24 08:53:46 +0000 2017,@AmazonHelp I ordered a deal on my app with a $50 gift card as a promo. It's only shipping a $25 gift card. She told me I ordered the wrong thing which doesn't even make sense.,134825,134827.0,134828.0
2536448,721556,True,Thu Nov 16 11:43:25 +0000 2017,@AmazonHelp Ok thanks will keep a look out and get back to you if it isn't dispatched by the weekend!,,2536447.0,2536446.0
239476,172900,True,Sat Nov 25 02:34:59 +0000 2017,"@AmazonHelp 不安がなくなるのでありがたかったです
こちらこそ今後ともよろしくお願いいたします。",,239475.0,239479.0
2073890,613384,True,Fri Nov 10 04:13:22 +0000 2017,@AmazonHelp I have. Team at #amazon refused flat out to help.,2073891,2073888.0,2073885.0
2708449,760577,True,Mon Nov 20 00:49:39 +0000 2017,"@AmazonHelp Sure does, straight to https://t.co/7cf7N9BFu8 and asks me to start a 3 month trial",2708452,2708448.0,2708451.0
2759019,283011,True,Tue Nov 21 07:20:48 +0000 2017,@AmazonHelp What is replacement policy,2759020,2759018.0,2759014.0
710025,289778,True,Tue Oct 10 21:06:25 +0000 2017,"@AmazonHelp Oh I've gone over those steps several times, I keep getting the same error msg in the end :-/",710027,710024.0,710032.0
2930626,810671,True,Wed Nov 29 07:35:02 +0000 2017,"@AmazonHelp To Amazon customer service, by using the form in Your website..","2930625,2930627",2930628.0,2930630.0
1506285,150754,True,Mon Nov 20 06:06:14 +0000 2017,"I have not received refund for reference number: 172880196619, Please credit ASAP @119862 cc: @115850",1506284,,1506285.0
1229684,408409,True,Thu Oct 26 20:40:21 +0000 2017,@AmazonHelp Just reinstalled from scratch and text is still screwed up.  I’ve seen others complaining about this in apple appstore reviews.,,1229682.0,1159333.0
1628599,218360,True,Sun Nov 05 15:03:08 +0000 2017,@122090 @4694 I have recently taken Saavn Pro. I am not able to figure out how to play my own playlist on Echo Dot. @AmazonHelp,1628598,,1628599.0
1325878,429377,True,Mon Oct 16 13:33:21 +0000 2017,"@AmazonHelp @115850 YES, You missed it. My order no. is 404-5817555-2501927 @115851","1325881,1325882",1325877.0,1325880.0
2787730,778241,True,Tue Nov 21 20:03:34 +0000 2017,@AmazonHelp Oh it gets better. I just checked the sellers feedback and 8 other people state having the same issue with this seller. What does it take for Amazon to shutdown scammers?,2787731,2787727.0,2787729.0
2897530,802821,True,Tue Nov 28 17:16:08 +0000 2017,@AmazonHelp Here twiddling my thumbs waiting,,2897528.0,2897532.0
1037411,365410,True,Sat Oct 14 18:14:52 +0000 2017,.@115850 Is there any issue with the mobile App. It is not diagnosing the phone. Stuck at Start diagnostics page.,1037409,,1037411.0
351478,199611,True,Sun Oct 08 09:35:03 +0000 2017,Absolutely #unhappy n #disappointed with amazon india's return policy. Partial refund for returned items! @115850 #onlineshopping #Amazon,351476,,351478.0
911905,336576,True,Sat Oct 21 07:01:03 +0000 2017,@115821 @115851 The worst service I have ever got from any of the e-commerce site. My order was in a one day guaranteed delivery on 14 Oct 17. But still don't get it.,"911904,911906",,911905.0
2320212,672454,True,Mon Nov 13 13:35:07 +0000 2017,"@AmazonHelp Eine automatische mit der Sperre - ja. Mir wurde per Telefon eine weitere Email versprochen. Nun Funkstille.... Kann mein PW unendlich resetten, dieses funktioniert dann aber nicht.",2320210,2320214.0,2320215.0
2299518,322926,True,Sun Nov 12 19:45:18 +0000 2017,@AmazonHelp  https://t.co/oEoQzF661b,2299520,2299517.0,2299516.0
991690,326607,True,Tue Oct 17 10:09:27 +0000 2017,@AmazonHelp Sorry but your CS is a joke. For the 15th time I am being told that my item has not been received by the carrier. I KNOW!!!!,991691,991688.0,991680.0
2109998,622476,True,Sun Oct 29 03:47:01 +0000 2017,@AmazonHelp 昨日メールしました。今日届くとのことです。わざわざリプありがとうございますorz,2110000,2109997.0,2109999.0
693817,285429,True,Thu Nov 23 17:55:46 +0000 2017,"@AmazonHelp I will try that. It just makes me sad as Terry Pratchett is one of my favourite authors, and I know there won't be any new releases 😞",,693816.0,693818.0
394391,209452,True,Mon Oct 09 18:15:08 +0000 2017,"@AmazonHelp Mine is being delivered tomorrow, I have 1month extra Prime - but didn't seem concerned with fixing the wider problem",,394390.0,394389.0
930256,340689,True,Mon Nov 20 20:24:04 +0000 2017,"@AmazonHelp Oh Ben partez pas, J’ai un souci avec une autre commande que J’ai bien reçu.",930254,930258.0,930261.0
759024,301372,True,Wed Oct 11 19:25:38 +0000 2017,@115821 @AmazonHelp your logistics &amp; delivery system in Seattle are a disaster. #PrimeFailure,759022,,759024.0
895091,332526,True,Fri Oct 20 22:53:25 +0000 2017,@AmazonHelp Thank you for that !,,895090.0,895092.0
805602,143739,True,Thu Oct 12 17:15:01 +0000 2017,@AmazonHelp Quiero el link para ver sus productos de New Era enviado desde Amazon México,805601,805603.0,805604.0
295847,186446,True,Fri Oct 06 17:37:17 +0000 2017,AMZL_US or Amazon Logistics is the worst delivery service ever devised.  and @AmazonHelp could care less.  They are losing business and prime members.,295846,,295847.0
1220978,406485,True,Wed Oct 25 15:33:53 +0000 2017,"@AmazonHelp I had over $300 in reward points, chose to use them for all purchases. There was $299 in S&amp;S purchases this month. Most were denied.",,1220976.0,1220982.0
1245768,412253,True,Mon Oct 16 03:01:01 +0000 2017,@AmazonHelp anybody there?,1245766,,1245768.0
1589586,488777,True,Tue Oct 17 07:58:09 +0000 2017,@115850  what kind of lightening deal is this ?? Normal is cheaper than your best price offered ?? https://t.co/mk6BYvavLf,1589585,,1589586.0
2850629,792649,True,Mon Nov 27 19:57:51 +0000 2017,"@AmazonHelp I will do, Hopefully, this is the last time it does it  😪",,2850628.0,2850631.0
128778,144968,True,Fri Nov 24 06:06:59 +0000 2017,@AmazonHelp As I have already told u @115850 I have shared my all details in all links provided by @115850 so plz don't try to make fool. Plz return my money..,128779,128777.0,128770.0
132567,145908,True,Sun Nov 26 05:32:27 +0000 2017,@AmazonHelp @115851 @115821 Never realized that Amazon would  treat a customer this bad who remained staunchly loyal to it over the past several years. Please let me know how to delete my amazon account and prime membership 2/2,,132566.0,132565.0
2571968,729328,True,Thu Nov 16 19:18:35 +0000 2017,"Hey @115821 thanks for shipping my order @118706, they refused to deliver saying mailbox is full... did you really think a case of 24 paper towels would fit in a mailbox?",2571966,,2571968.0
1131339,386609,True,Tue Oct 24 12:53:19 +0000 2017,@AmazonHelp I tried doing the same.As mentioned previously the item has been removed from order history.,1131341,1131338.0,1131340.0
522464,213865,True,Thu Nov 23 13:26:15 +0000 2017,@AmazonHelp okay theire all sent,,522462.0,522478.0
352139,199745,True,Mon Oct 09 03:46:37 +0000 2017,@AmazonHelp Okk,,352138.0,352129.0
578382,256153,True,Sun Dec 03 10:16:23 +0000 2017,"@116928 Una semana que hice un pedido de un simple vinilo y no me lo envian, no tengo tiempo para esperar en el 2017, cada momento vale, y ese vinilo tiene que llegar a paris para que una amiga me lo pueda traer a argentina, 1 vinilo es, no pedi una pizza en otra galaxia, mal!",578380,,578382.0
170915,155859,True,Fri Nov 24 22:04:11 +0000 2017,@AmazonHelp bought a Fire 7 today. Won’t allow me to register as says email address already exists. Can’t change password as it won’t accept post code on password change.,170913,,170915.0
606118,264051,True,Wed Nov 22 11:12:58 +0000 2017,@AmazonHelp Tive resposta do Itaú. Ele informou que não existe nenhum pedido de cancelamento ou estorno da compra no sistema.,606117,606119.0,606127.0
303091,188339,True,Fri Oct 06 22:08:15 +0000 2017,@15043 my brand new hot air brush purchased on Aug 28 from @116090 just stopped working for no reason... What do I do?,303089,,303091.0
934319,147125,True,Sat Oct 21 17:56:32 +0000 2017,@AmazonHelp Prime Video nur Selten,934320,934318.0,934329.0
2816298,785116,True,Mon Nov 27 21:48:12 +0000 2017,@AmazonHelp Here is what's going on (plus other emails I've deleted). This has been my life the past few days after I ordered a bday present for a friend. https://t.co/VSb9qaGHZ2,2816300,2816297.0,2816299.0
2976609,708437,True,Thu Nov 16 16:39:33 +0000 2017,@117086 Não tem como cancelar em nenhum dos sites porque já foram enviados e é presente. A pessoa mora na Bahia e eu em São Paulo! Parabéns pra vocês!,2976608,2478838.0,2478835.0
1597723,490782,True,Sun Nov 05 02:50:21 +0000 2017,"@115850 what’s wrong?Order not being delivered despite So many emails to raise dispute, worst: No reply to emails #worstExperience #fail","1597721,1597725",,1597723.0
1448025,456024,True,Thu Nov 02 17:53:37 +0000 2017,@AmazonHelp K,,1448024.0,1448023.0
2969489,819090,True,Thu Nov 30 00:22:59 +0000 2017,@AmazonHelp It seems that I can't make a feedback on the package because I pre-ordered it a while back. The package is damaged. https://t.co/D5fS9CEfZh,2969491,2969488.0,2969490.0
1253310,413997,True,Thu Oct 26 06:23:02 +0000 2017,"@AmazonHelp non-pymnt, and then process the refund, I NEED MY PRODUCT DELIVERED AND AT SAME PRICE AND OFFER.","1253311,1253312",1253308.0,1253315.0
1547221,479065,True,Sat Nov 04 08:40:14 +0000 2017,"@AmazonHelp Hv already tried, no resolution :-(",1547222,1547220.0,1547219.0
2928444,612364,True,Wed Nov 29 05:23:55 +0000 2017,"@AmazonHelp I was expecting two orders today. I didn't get them, @115821 told me they don't know when they will be delivered and that I have to wait until Thursday or Friday to submit a claim.",,2928443.0,2928445.0
829551,245391,True,Fri Oct 13 03:07:47 +0000 2017,I can’t find a solid answer. Will #Alexa’s hub work with #Lightify? @45921 @45922 @AmazonHelp,829549,,829551.0
215137,167114,True,Thu Oct 05 03:41:55 +0000 2017,@AmazonHelp  https://t.co/Dee2xgxJlC,,215136.0,215139.0
1601336,491594,True,Sun Nov 05 05:13:42 +0000 2017,Amazonプライム、もう少ししたら体験切れるけど、ゴーカイジャーが全話見れるだけで年3900円なら全然安いので継続する(°ω° ),1601334,,1601336.0
729039,294625,True,Wed Oct 11 08:20:16 +0000 2017,@AmazonHelp how do I delete the 36 language dictionaries that are clogging up my kindle paperwhite?,"729037,729041",,729039.0
2971949,819705,True,Thu Nov 30 01:15:44 +0000 2017,@AmazonHelp Can I sign out of all devices at once?,2971952,2971948.0,2971955.0
1520454,472650,True,Fri Nov 03 16:33:35 +0000 2017,@115850 : cashback for my Order # #402-1299145-3539567  hasn't been credited fully. 300 rupees short. Please look into it. Waiting...,"1520453,1520455",,1520454.0
2664411,750748,True,Tue Oct 31 08:32:14 +0000 2017,"@AmazonHelp Out for delivery. Shows left depot on Thurs morning, left again Fri, left again twice on Monday. Each saying will be delivered that day.",2664413,2664410.0,2664412.0
1704164,425374,True,Mon Oct 23 02:45:31 +0000 2017,@AmazonHelp I'm sure I'll receive an email stating my account has been unlocked tmo so I can go reorder the same items. Maybe I'll order somewhere else!,,1704162.0,1704165.0
2966503,818400,True,Wed Nov 29 22:51:59 +0000 2017,@115830 delivery drivers saying that they have tried to deliver when they have not been anywhere near. another company putting too much pressure on drivers and making them lie when they can't meet impossible targets #deliveryfail #anotherwastedday #whytodaywhentomorrowwilldo,2966501,,2966503.0
142125,148073,True,Fri Nov 24 11:43:13 +0000 2017,"@115850 #Fraud #Amazon.in #CORRUPTION 
I ordered a phone for my folks using Amazon.in. They have received Maggie noodles (with an invoice for someone else)! Could you please look into it and send them the phone ASAP!!!! https://t.co/y19gOas7bY",142124,,142125.0
287873,183542,True,Fri Oct 06 15:43:05 +0000 2017,"@AmazonHelp Dear @115850  Your staff is  saying that you have delivered the product to me, then what I am following with last 10 days.",287875,287872.0,287909.0
785820,219990,True,Fri Oct 13 12:32:06 +0000 2017,@AmazonHelp I cancelled my order. Flipkart also cancelled my order but what they did look into the attach pic. They send me an apology mail along with https://t.co/5Yi1V1rVJo,"785824,785825",785817.0,785475.0
1106530,334610,True,Tue Oct 24 00:28:24 +0000 2017,"want 2 waste $100 a year? get @115821 prime! 2yrs &amp; not 1 order on time yet, smh. my last 3 have been so late, i didn't need them anymore. https://t.co/WvP8UCCauX",1106528,,1106530.0
319808,192231,True,Wed Oct 11 12:58:17 +0000 2017,@AmazonHelp kindly call me on my cell 7024233728 right now,,319806.0,319795.0
924519,337295,True,Sat Oct 14 09:12:01 +0000 2017,"@AmazonHelp Gracias, ya me llegó",,924518.0,924520.0
180877,158497,True,Wed Oct 04 16:40:12 +0000 2017,@AmazonHelp @115850 nevermind. Spoke to your ccare... as clueless as they can be. We'll escalate promise.,180878,180876.0,180913.0
671667,280259,True,Thu Nov 23 12:37:14 +0000 2017,"@AmazonHelp It is baffling that as a company, you have not read any of the messages correctly. I have gone through your bulk buying team, the response has been appalling. I am so pleased that you wish to have this query all over your social media feed.",,671666.0,671669.0
1539846,477270,True,Tue Oct 17 01:55:34 +0000 2017,"@116618 @115821 how come I can't watch a movie that was based in and filmed in New Zealand, even though I'm in the same country??? https://t.co/Ei5UJVw1oU","1539845,1539847",,1539846.0
528246,242296,True,Sat Dec 02 08:30:55 +0000 2017,A true test of a company’s customer service is when something goes wrong thank u @115830 4 dealing immediately &amp; efficiently with my issue 👍🏻,528245,,528246.0
183351,159116,True,Wed Oct 04 11:22:37 +0000 2017,@AmazonHelp I have already Russell via chat was useless.. saying you don’t have it in stock. My frustration that you’re promoting sales on your treasure,,183349.0,183354.0
945453,344183,True,Sat Oct 14 00:45:56 +0000 2017,@AmazonHelp One last question: what does it mean when it was left at your mailroom at your address but you don't have a mailroom?,945455,945452.0,945457.0
2129939,626950,True,Thu Oct 19 07:53:23 +0000 2017,@AmazonHelp A product that I bought isn't working anymore and is within the warranty period.,"2129941,2129942",2129938.0,2129940.0
471579,227290,True,Fri Dec 01 08:34:39 +0000 2017,"@120533 et comme d’habitude les colis sont ouverts, enfoncés,.... quand est ce que vous confiez les produits à des vrais livreurs et pas des sans cervelle ? Meme avec un piano en photo sur le carton, y a aucun soins ! https://t.co/YoBoXpQ8D6",471577,,471579.0
2777467,269699,True,Tue Nov 21 15:18:59 +0000 2017,Now two out of three of my @AmazonHelp packages will not arrive on their guaranteed prime window date and I'm about at the end of my rope.,2777466,,2777467.0
965095,326613,True,Tue Oct 17 08:47:21 +0000 2017,@AmazonHelp I have not received a call from u. I want into call me! Despite of promises u haven't called.,965096,965094.0,964970.0
2349558,265831,True,Mon Nov 13 17:00:17 +0000 2017,@AmazonHelp ordered a fire tablet very slow dark screen lots of issues can I swap with something? Not happy,2349556,,2349558.0
93702,136312,True,Thu Nov 30 15:32:20 +0000 2017,@AmazonHelp just had a delivery of a TELESCOPE thrown over our back gate and you register it as “handed to resident”! This is my daughter’s birthday present your driver is being flippant with! If it’s broken you would have ruined her birthday. Hope your happy 👏🏻😡,93700,,93702.0
171021,152928,True,Fri Nov 24 21:33:47 +0000 2017,"@AmazonHelp Olá! Realizei uma compra e um dos produtos está em pré venda, o que vai segurar o resto dos itens. Não teria como separar os itens e já enviar os que estão disponíveis? :)",171020,,171021.0
1623714,164540,True,Sun Oct 29 20:48:11 +0000 2017,"@AmazonHelp I talk to your CS people, I fill out complaint forms and it gets worse. I feel like every time this happens we start over with new problems.",,1623713.0,1623715.0
428239,216855,True,Tue Oct 10 13:41:39 +0000 2017,Vamos @116875 dame esa señal que me dirá que me mandarás hoy esa fuente de poder que tanto me hace falta...,428237,,428239.0
245128,162511,True,Wed Oct 04 13:32:32 +0000 2017,"@AmazonHelp The only reason second account was under my name was because I was planning to put them all on my card, delivered to my address.",245129,245127.0,197783.0
130239,145372,True,Fri Nov 24 06:30:17 +0000 2017,"Dear @115821, if you don’t sell me a @7530 in Belgium today, I will haunt you ‘til you expand my .co.uk #prime account to Belgium AND sell ALL your hardware in Belgium. Your only quite happy customer, me. #amazon #kindle #blackfriday",130237,,130239.0
1661960,506852,True,Thu Oct 19 04:56:22 +0000 2017,"@AmazonHelp This particular issue now resolved, will advise later if it happens again today (different order)",,1661959.0,1661962.0
2679333,753905,True,Sun Nov 19 15:06:09 +0000 2017,"@AmazonHelp No reason, I didn't even recieve an email for the second delay, I learned it through the packet tracing after it wasn't delivered on the postponed date.",2679334,2679332.0,2679331.0
2614057,738983,True,Fri Nov 17 13:31:27 +0000 2017,"@AmazonHelp I have been using the chat function under contact us and been told every day it will be delivered ""tomorrow"" or ""Without fail delivered tomorrow"", we have raised an investigation with the carrier. What a load of excuse and no action.",2614055,2614058.0,2614059.0
1506336,469586,True,Mon Nov 20 05:57:33 +0000 2017,"@115850 Hi, I have purchased a Surya Chimney for Kitchen, same is got delivered on 18th of Nov but till now I didn't get any information of installation
ORDER # 404-0419964-3024328",1506335,,1506336.0
297357,186825,True,Sat Oct 07 03:03:46 +0000 2017,@AmazonHelp  https://t.co/SrD1Axt1QR,,297346.0,297345.0
1394531,444309,True,Mon Oct 16 17:00:44 +0000 2017,"@AmazonHelp I talked with ur customer care executive he take necessary action &amp; mail logistic team,he insure me my product delivered me today only.","1394533,1394534",1394529.0,1394547.0
1001033,356989,True,Sat Oct 14 12:44:34 +0000 2017,@AmazonHelp Thanks. Think I’ll just chance it. Frustrating as the route must be sorted so someone somewhere knows when it will arrive approx just not me,1001035,1001032.0,1001034.0
1674853,509594,True,Mon Nov 06 20:08:59 +0000 2017,"@AmazonHelp Thanks for nothing, been told 3-4 different things after calling and messaging. Your customer service has been so unhelpful.",,1674851.0,1674852.0
206710,164958,True,Thu Oct 05 19:57:59 +0000 2017,@AmazonHelp Several generic messages saying they have forwarded my issue to the appropriate department...No one concerned there. Still waiting...,,206709.0,206711.0
1338558,432225,True,Mon Oct 16 13:07:20 +0000 2017,"@AmazonHelp You keep failing to deliver things I urgently need for no reason! Won't be continuing with Prime, as I can't get things next day",1338556,,1338558.0
1134023,387204,True,Tue Oct 24 12:45:26 +0000 2017,"@AmazonHelp Pues mira, estoy a la espera. Hablé con el repartidor para decir mi piso y a los 15 segundos me llegó el mensaje de fallido.",1134022,1134024.0,1134026.0
497286,233672,True,Fri Dec 01 18:28:54 +0000 2017,@115830 still waiting on a delivery/just an update on the delivery #theseareallgoodtimes ? #thesearenotgoodtimes,497284,,497286.0
1452406,457065,True,Thu Nov 02 18:03:12 +0000 2017,"@AmazonHelp Ok, but I'm pretty sure I tried that and your app doesn't offer me choice but English Subs even though they are present in the mobile app",,1452404.0,1452407.0
2801383,270755,True,Wed Nov 22 00:50:06 +0000 2017,"@AmazonHelp Lo que pasa es que dice el estado que salio de transportista, pero no dice en reparto y la entrega es el día de hoy, y como es la oficina no puedo estar toda la noche aquí",,2801382.0,2801384.0
1104512,380640,True,Tue Oct 24 00:25:49 +0000 2017,@AmazonHelp Channel Subscription,1104514,1104511.0,1104513.0
1398901,431099,True,Sat Oct 28 18:19:24 +0000 2017,@AmazonHelp Ok you want me tosend a screenshot ofReplythtI gotyesterday... don't worry i'll add screenshot n on eml you have not mentioned your policies,1398902,1398899.0,1398894.0
812432,313585,True,Sat Nov 25 11:22:31 +0000 2017,@AmazonHelp All items in the order are fulfilled by amazon.,812433,812431.0,812426.0
592057,260114,True,Sun Dec 03 17:49:15 +0000 2017,"@AmazonHelp Great - got that sorted, thanks! Now, how on earth do you give a kindle book as a gift purchasing using an iPad?",592059,592056.0,592063.0
1489170,415708,True,Fri Nov 03 08:41:08 +0000 2017,"@AmazonHelp Pas pour le moment, on verra samedi  prochain ;)",,1489169.0,1489171.0
1401463,445856,True,Sat Nov 25 22:44:24 +0000 2017,@AmazonHelp yes i did....didn't seem to be helpful...the tracking hasn't been updated since thursday...saying it was picked up by USPS awaiting item...in florida? i'm in ohio lol,1401464,1401462.0,1401461.0
262162,178444,True,Thu Oct 05 22:01:53 +0000 2017,"@AmazonHelp Already did, and reply was very unhelpful. :/ That's why I turned to Twitter, as mentioned in original tweet!",262159,262163.0,262164.0
1625048,497674,True,Sun Nov 05 17:57:39 +0000 2017,@115830 @AmazonHelp,1625047,1625049.0,1625049.0
1682719,419658,True,Mon Nov 06 16:36:26 +0000 2017,Dang. I don’t know what happened with my @115821 shipment but I’ve never had such issue https://t.co/dXufQYOkje,1682718,,1682719.0
1387171,442771,True,Mon Nov 20 17:24:30 +0000 2017,@AmazonHelp Kindly read the email your self you will see yours reply,1387172,1387170.0,1387183.0
1794078,539136,True,Wed Oct 18 00:28:31 +0000 2017,"@AmazonHelp I just called and took care of it, thanks though ❤️",,1794077.0,1794080.0
1081739,182223,True,Sun Oct 15 01:58:34 +0000 2017,@115850  Amazon is fraud/cheaters they take my money and don't give my product. https://t.co/pqlP7lkMYb,"1081738,1081740,1081741",,1081739.0
351795,199673,True,Sun Oct 08 13:19:42 +0000 2017,"@AmazonHelp but the money has already been debited from my account, how do I resolve this please",351796,351794.0,351791.0
848127,321565,True,Fri Oct 20 14:46:58 +0000 2017,LOCKED FROM AMAZON ACCOUNT! FRAUD IS SERIOUS - BUT NOT TO AMAZON! BEWARE FOLKS/BEEN ALMOST A BUSINESS WEEK SINCE SOMEONE  @115821,848126,,848127.0
2162449,634954,True,Thu Nov 09 07:36:25 +0000 2017,@AmazonHelp No it's fine.... I just forgot to put the battery,,2162448.0,2162450.0
91379,135811,True,Thu Nov 30 14:55:18 +0000 2017,#lgq6appquiz @115850 where is the result??? Making fools who attended this contest right???,91378,,91379.0
1424210,450933,True,Thu Nov 02 10:18:48 +0000 2017,@AmazonHelp hi there - I accidentally cancelled an order that's out for delivery today. Can I reverse it as I still want it!,1424207,,1424210.0
1494792,467076,True,Fri Nov 03 10:57:03 +0000 2017,ホンネテレビを見てたら、なぜか(笑)fire tv stickが欲しくなったので買ってきてしまった。,1494791,,1494792.0
180210,158403,True,Wed Oct 04 11:35:22 +0000 2017,Amazon is doing so many frauds. i oredered iphone7and what is receved is a box with charger and earphone so be carefull@amazonIN@AmazonHelp,180209,,180210.0
1730714,467051,True,Tue Nov 07 11:29:50 +0000 2017,@AmazonHelp Je reviens vers vous encore une fois. Je n'ai eu AUCUNE nouvelle concernant ma demande. 24h théoriquement ça fait plus de 72H !,1730712,,1730714.0
21420,120685,True,Wed Nov 01 07:51:39 +0000 2017,@AmazonHelp In time for the birthday*,,21419.0,21423.0
1305175,424982,True,Fri Oct 27 01:56:43 +0000 2017,"@118919 hello amazon, when can I book an iPhone X ?",1305174,,1305175.0
601303,262648,True,Sun Dec 03 21:36:57 +0000 2017,@AmazonHelp Thank you,,601302.0,601305.0
318034,191891,True,Sat Oct 07 09:35:17 +0000 2017,"Bonjour @120533, commande toujours pas livrée... help https://t.co/dbuSdYF1oP",318033,,318034.0
914823,337244,True,Sat Oct 21 08:58:31 +0000 2017,@AmazonHelp Called thrice. Not resolved. You guys are my final attempt.,,914822.0,914824.0
2318418,672076,True,Mon Nov 13 10:45:54 +0000 2017,Amazonでコンビニ決済で注文したのに支払い番号来ないんだが…,2318417,,2318418.0
2501994,713667,True,Wed Nov 15 20:09:07 +0000 2017,@AmazonHelp Grazie! 😊,2501996,2501993.0,2501995.0
1450055,456481,True,Thu Nov 02 18:37:15 +0000 2017,@AmazonHelp It said on the website and email that I'll receive £7.99 on refunds. What about the rest? Especially the £75 bomb!,1450057,1450054.0,1450056.0
619114,197812,True,Fri Nov 10 05:20:51 +0000 2017,@115850 being is d service industry no courtesy to speak to the customer inspite of escalation.shocked amazon has no business ethics,619113,,619114.0
1070070,372495,True,Mon Oct 23 16:00:44 +0000 2017,@AmazonHelp Done.,,1070069.0,1070071.0
440172,219463,True,Wed Oct 11 14:33:15 +0000 2017,"@AmazonHelp Wetter, Musik, das wird gross beschrieben, aber genau dieses Amazon Video nicht so deutlich. Wuensche dem Team einen schoenen Abend. :)",440173,440171.0,440175.0
2766275,773627,True,Tue Nov 21 13:16:49 +0000 2017,@AmazonHelp Pas de soucis. Merci de votre reponse.,2766276,2766274.0,2766265.0
327591,194093,True,Sat Oct 07 17:31:03 +0000 2017,"@AmazonHelp The page only lets me get a refund, I need an exchange for a working one. It's a gift for a 3 year old, I can't take it out of his hands.",327592,327590.0,327589.0
928356,340276,True,Sat Oct 21 15:05:43 +0000 2017,Sistema burro da @115821 dificulta mudança de senha para cliente que a perdeu.,928355,,928356.0
1654211,117331,True,Tue Nov 07 14:04:09 +0000 2017,Setting up your new #XboxOneX? RT if you got yours! 🎮 https://t.co/2sP3QjBeRf,"1654212,1654213,1654214,1654210,1654215",,1654211.0
820134,315362,True,Thu Oct 12 21:52:23 +0000 2017,My autographed @127390 book from @115821 was basically crushed in its package 😭🐢 sad https://t.co/Fgoi8UEMW8,820133,,820134.0
379387,206021,True,Mon Oct 09 07:00:38 +0000 2017,@AmazonHelp J'ai fait une demande d'annulation.,,379386.0,379389.0
1091306,377484,True,Mon Oct 23 23:33:24 +0000 2017,@AmazonHelp Yep. 4th or 5th time this year.,1091308,1091305.0,1091307.0
1390027,442795,True,Sun Oct 29 06:55:29 +0000 2017,@AmazonHelp I just want contact no of delivery person.I will collect from that person.Dont want to depend on u guys,1390029,1390025.0,1389987.0
1537459,476637,True,Tue Oct 17 02:07:57 +0000 2017,"@AmazonHelp Sorry, am not doing it ... Order / tracking details in my first tweet ... Solve this if you can else leave it ...",,1537458.0,1537430.0
609449,264876,True,Wed Nov 22 13:51:34 +0000 2017,"@AmazonHelp Ah mais moi je m'en contrefous de ce que vous faites, tout ce qui m'intéresse c'est d'obtenir ce que je cherche au meilleur prix.",609451,609448.0,609450.0
317503,191776,True,Sat Oct 07 10:11:44 +0000 2017,@AmazonHelp Amazon on the packaging so I assume amazon.,317506,317501.0,317504.0
1487687,465531,True,Fri Nov 03 05:11:10 +0000 2017,@115833 has a nice collection of children's stories. My kid doesn't even ask me to tell a story anymore. Praise the AI overlords!,1487686,,1487687.0
2819931,785984,True,Mon Nov 27 05:41:06 +0000 2017,今日はじめてAmazonの架空請求メールきた,2819930,,2819931.0
842378,320351,True,Fri Oct 20 13:49:16 +0000 2017,@AmazonHelp But the order is not visible in orders section . It's been more than 8 days since cancellation,842380,842377.0,842379.0
665153,278528,True,Fri Oct 13 10:29:58 +0000 2017,@AmazonHelp Yes I've changed email address,665152,665154.0,665155.0
524284,241209,True,Sat Dec 02 13:00:28 +0000 2017,@241208 @AmazonHelp 公式からリプきててわろた,524285,524281.0,524282.0
135081,146432,True,Fri Nov 24 08:45:05 +0000 2017,@115830 the headphones I have just brought now have £10 off just one day later. Is there anything you can do about this?,135078,,135081.0
2815505,784931,True,Mon Nov 27 02:47:37 +0000 2017,"@115850 I'm presently using OP3T, is there any exchange policy.. I just can't wait to get my hands on 5T.. in love with it..",2815503,5244.0,5159.0
2823151,786666,True,Mon Nov 27 08:40:48 +0000 2017,@AmazonHelp Between tomorrow (27th) and Thursday. So hopefully it will be in the way soon,2823153,2823150.0,2823155.0
282501,183302,True,Fri Oct 06 11:53:10 +0000 2017,@AmazonHelp oneplus 5 payment issue..auto debit issue https://t.co/Ez6eOo1RFL,282499,,282501.0
2395744,689659,True,Tue Nov 14 18:15:34 +0000 2017,@AmazonHelp My email says it has now been delivered but I won't be able to verify that until late tonight. Thank you for responding.,,2395743.0,2395745.0
639576,271709,True,Sun Nov 26 07:12:20 +0000 2017,"@AmazonHelp @271708 If you buy from Amazon, make sure you it is NOT from a 3rd party seller.   Amazon does nothing if anything goes wrong, and in my experience, neither will the 3rd party seller.",639578,639574.0,639586.0
1608788,493993,True,Tue Oct 17 10:53:29 +0000 2017,@AmazonHelp @115850  Really Poor service for my order no 402-1964321-3794765. Ordered a watch from Amazon nd see how i got it. 1/3 https://t.co/kXMh7x5k9P,"1608787,1608789",,1608788.0
1713810,504292,True,Tue Nov 07 02:31:50 +0000 2017,"Really its pathetic services by @115850 since 2days trying to connect but faild. Is tht services we pple deserve, no helpline no. provided https://t.co/sHwU0uG4p3","1713809,1713811",,1713810.0
167975,155076,True,Fri Nov 24 21:07:29 +0000 2017,@AmazonHelp It was via the US website (.com),,167973.0,167976.0
1413796,448559,True,Thu Nov 02 02:20:57 +0000 2017,"@AmazonHelp They just changed it to Friday by 8pm. If it doesn’t happen, I’ll respond. :)",,1413794.0,1413797.0
1602339,491839,True,Sun Nov 05 08:54:41 +0000 2017,"@AmazonHelp Yes this is reported. Of the two balance deductions, one has been credited to my Amazon Pay Balance , however not sure for second?",1602341,1602337.0,1602340.0
1079396,374607,True,Tue Oct 17 09:45:13 +0000 2017,@AmazonHelp That was not a solution. It was a excuse. You are having poor policy towards customer. Then what is meaning of that mail?? I need my money to my bank account.,1079397,1079394.0,1079369.0
1061343,370607,True,Mon Oct 23 13:34:01 +0000 2017,@AmazonHelp Blu ray,,1061341.0,1061344.0
2290755,665394,True,Mon Nov 13 09:22:27 +0000 2017,"@AmazonHelp It's more than 24 Hrs &amp; didn't get any calls. Is this the way u wana help someone ? I made a pick up request on Nov-1st. 3 times I calld u, waited 10 days &amp; tweeted u. still no use.  Simply u r the worst. Flipkart is far better than u. U guys beter learn this business from them.",2290757,2290754.0,2290756.0
2490664,711148,True,Wed Nov 15 17:55:45 +0000 2017,@AmazonHelp Now i have to wait again for 12hrs. https://t.co/VKnz02j6vE,2490665,2490663.0,2490662.0
2128954,626714,True,Wed Nov 08 20:42:32 +0000 2017,@AmazonHelp Alguna solución? Porque la Ram no tiene fecha de entrada y a mí me llega el pc mañana.,2128956,2128952.0,2128951.0
1409535,447628,True,Sat Oct 28 19:21:04 +0000 2017,Hi @AmazonHelp. Was supposed to receive delivery today and tracking info only updated in last 15 mins to say it’s delayed. V. disappointed!!,1409533,,1409535.0
931819,141364,True,Sat Oct 14 02:04:26 +0000 2017,@341036 @AmazonHelp Thanks! I appreciate the feedback. Just wait until Amazon’s support team learns about #MoviesAnywhere. They’ll go wild! Cheers,931820,931816.0,931822.0
588745,259150,True,Sun Dec 03 16:31:29 +0000 2017,"@AmazonHelp Thank you! Called and spoke to customer support. Turns out someone was buying items to download to their Kindle. I am getting refunded through my bank, but I feel there should be some sort of repercussions for people that have been caught blatantly stealing from people on Amazon.",,588744.0,588746.0
318864,192069,True,Sat Oct 07 11:35:38 +0000 2017,@AmazonHelp Check these screen shots from phone and desktop https://t.co/Gcyda7ubK2,318866,318863.0,318865.0
2105780,621524,True,Wed Nov 08 13:23:00 +0000 2017,@AmazonHelp わざわざありがとうございます！,2105779,2105781.0,2105782.0
2966395,818380,True,Wed Nov 29 23:13:59 +0000 2017,@AmazonHelp Yes. 3 so far this week. 2 arrived today (2days late) and one was supposed to arrive today and I have again received a sorry it's delayed email instead of my package. This last one did not even get picked up to be delivered today.,2966397,2966394.0,2966396.0
1689249,330809,True,Tue Oct 17 17:24:51 +0000 2017,"@AmazonHelp gosto, e não gosto pouco hahahaha 😁😌",1689251,1689248.0,1689263.0
1283907,420331,True,Thu Oct 26 18:08:26 +0000 2017,"@AmazonHelp Oh bah on a le choix ! Et une livraison lundi pour le guide Mario alors que je devais l'avoir demain... Depuis 3 semaines, c'est le festival https://t.co/qnFdHJoQte","1283909,1283910",1283906.0,1283915.0
2288395,664836,True,Sun Nov 12 04:02:18 +0000 2017,"@664835 @AmazonHelp don't talk to Amazon like that Casey, fucker",2288396,2288393.0,2288394.0
678284,281821,True,Thu Nov 23 07:10:33 +0000 2017,@AmazonHelp Yeah I’ve done it all,678283,678285.0,678286.0
1776398,526200,True,Wed Nov 08 00:10:10 +0000 2017,@AmazonHelp Muchísimo. ¿Habrá segunda? Esta ha sido muy cortita... 😥😥😭😭,1776400,1776397.0,1776399.0
1019595,361248,True,Sat Oct 14 16:03:57 +0000 2017,"@AmazonHelp Tracking status states, ""Your package was left in the mail room."" What does that mean?",1019597,1019594.0,1019596.0
2428181,697179,True,Sun Nov 26 18:01:45 +0000 2017,"@115830 bought a Cermalon copper induction base pan set, but only 1 pan out of 5 is working - others do not read compatible...???",2428180,,2428181.0
481659,229483,True,Wed Nov 29 13:02:12 +0000 2017,@AmazonHelp  https://t.co/xEsk5pfSFy,,481658.0,481666.0
2944371,813369,True,Wed Nov 29 14:48:25 +0000 2017,@115830 #amazon just been told by neighbour driver has wedged delivery in door handle and pierced packing. When preferred drop off was 10 feet away. Anyone could of taken it.....,2944370,,2944371.0
1328715,430000,True,Wed Oct 18 11:39:37 +0000 2017,"@AmazonHelp ご丁寧にありがとうございます。
出荷準備中と書いていた気がするのですが、キャンセルリクエストを送ったところキャンセルできましたとのメールが送られてきました。
よく考えず購入まで進んでしまい申し訳ございませんでした…",1328717,1328714.0,1328716.0
2385201,687457,True,Fri Oct 20 09:19:12 +0000 2017,"@115850 I tried contacting for an issue and notification I received is, You have been blocked by our customer service. Worst Service.","2385200,2385202",,2385201.0
1334342,431274,True,Fri Oct 27 13:47:12 +0000 2017,What’s the point of 2 day shipping if your going to ship the order 12 days after I place it? @AmazonHelp,1334340,,1334342.0
1375720,440240,True,Sat Oct 28 01:37:33 +0000 2017,"@AmazonHelp @119038 Hi, I have a Spanish Amazon Prime account. After linking it with my Twitch one, will I get charged anything? Cheers.","1375721,1375718",,1375720.0
2379827,668790,True,Tue Nov 14 04:41:08 +0000 2017,"@AmazonHelp Spent $13 on a package friday. Said it would come tuesday. Just checked my orders and now it says it will come on Thursday. Thanks for the ""2 day free shipping"".",2379826,,2379827.0
930220,221665,True,Mon Nov 20 00:04:30 +0000 2017,@AmazonHelp ?,,930219.0,930223.0
639567,271705,True,Wed Nov 22 20:09:49 +0000 2017,@AmazonHelp Why you don’t request a signature on an expensive purchase is beyond me. Clearly driver has stolen it. So annoying.,639565,639568.0,639569.0
2975767,492257,True,Tue Oct 31 20:03:37 +0000 2017,@136314 In fact - the same error no matter what folder I select - even local HDD.,2975766,2975768.0,2975768.0
2078555,614749,True,Sat Nov 25 14:57:32 +0000 2017,@AmazonHelp Yes but how am I going to get the game with the code? I’ll enter the code in the Playstation store and then download the game?,2078557,2078554.0,2078556.0
1099841,379533,True,Sun Oct 15 06:23:34 +0000 2017,@AmazonHelp u have worst delivery partners. All my orders delayed.,1099839,,1099841.0
2418363,694874,True,Tue Nov 14 17:49:47 +0000 2017,"Hey, @115821... Your delivery drivers are super classy: https://t.co/nlsVYrqwSL

😡

This is unacceptable. @AmazonHelp",2418362,,2418363.0
1730755,522975,True,Tue Nov 07 11:29:51 +0000 2017,"@115850 price fr ths prdct is 999 oly &amp; u r showing 1390 rs just to show 541 rs off. Cheating people, shame on u premium brand.#Unexpected https://t.co/FGCOnzJRGf","1730753,1730761",,1730755.0
465818,127186,True,Fri Dec 01 18:16:37 +0000 2017,@115850 Suggesting people don't buy mobiles from Amazon specially Mi products. They are delivering refurbished devices. Be aware of this. I am one of the victim lost 12K because of this. Device dead and service center not claimed the warranty. Says already opened,495793,465817.0,465817.0
925342,339591,True,Sat Oct 21 14:04:32 +0000 2017,oi @117086 https://t.co/9kyANZfq00,925341,,925342.0
781251,306518,True,Sat Oct 07 21:02:49 +0000 2017,@116618 can I stream live HBO on Amazon Prime? Do you have the ID channel as well? Asking for a friend...,781250,,781251.0
1140867,388549,True,Wed Oct 25 13:26:31 +0000 2017,"@AmazonHelp J'ai reçu adj la coque du smartphone que jai commandé le smartphone, lui a disparu 2 fois,seuls les colis de valeurs semblent ne pas arriver",1140871,1140863.0,1140869.0
1482321,464181,True,Fri Nov 03 02:56:13 +0000 2017,@AmazonHelp Gracias por su pronta respuesta. No sabia que esta semana no había juego. #disculapa,1482323,1482320.0,1482322.0
955646,346732,True,Sat Oct 21 22:51:49 +0000 2017,"@AmazonHelp Some foreign gentleman with a very hard to understand accent asked me ""what do you want me to do? Find your package and drive to your house?",955647,955644.0,955635.0
2055043,295820,True,Wed Oct 18 23:56:07 +0000 2017,@AmazonHelp both my echos are no longer responding to voice commands.. bad update?? Or do I need an update??,2055041,,2055043.0
2870712,147140,True,Tue Nov 28 01:50:57 +0000 2017,Meu primeiro eBook“Precisamos falar sobre o Kevin”! ja amo  https://t.co/4jEOz05NUB,2870711,,2870712.0
102992,138650,True,Thu Nov 30 18:07:31 +0000 2017,@AmazonHelp j'ai reçu un mauvais article,102994,102991.0,102993.0
2292312,569445,True,Sat Nov 11 22:00:01 +0000 2017,@AmazonHelp why offer 2 day shipping for prime when item will take 4 days to get it. #cancellingprime #nothappy,2292310,,2292312.0
172312,156267,True,Fri Nov 24 22:55:41 +0000 2017,@AmazonHelp Please!  This is outrageously wasteful and ignorant.,,172311.0,172313.0
2294241,336033,True,Thu Oct 19 19:54:04 +0000 2017,@AmazonHelp Everytime I reset my password - it resets the account that doesn't have prime,2294240,2294242.0,2294242.0
565826,252624,True,Sun Dec 03 01:00:20 +0000 2017,@115821 please ditch @118706 they are ruining the reason I have prime.,565825,,565826.0
1835788,146582,True,Wed Oct 18 06:43:50 +0000 2017,@AmazonHelp My order could not get delivered yesterday so I called for rescheduling it today before 12 as I am not available after that,"1835790,1835791",1835787.0,1835789.0
2619655,740262,True,Fri Nov 17 15:31:31 +0000 2017,@AmazonHelp @115830 is this courier actually serious? Left parcels on a bench near a shed in a neighbours garden??? Parcels aren't there??? https://t.co/EVDVQLOjdL,2619653,,2619655.0
2295127,666437,True,Sun Nov 12 00:36:35 +0000 2017,"@115821 don't know if this is a one off but....
Order split into two and I am being charged £2.53 p&amp;p on an order placed to receive free p&amp;p",2295125,,2295127.0
152159,150777,True,Fri Nov 24 16:25:11 +0000 2017,@AmazonHelp @150765  https://t.co/agDeSN0u6b,,152158.0,152160.0
34556,123487,True,Tue Oct 24 00:23:13 +0000 2017,"@AmazonHelp My prime membership has expired &amp; the one bundled with echo purchase has not become effective. So no prime vid, amazon now &amp; fast shipping",34555,34557.0,34558.0
2617329,739728,True,Sun Nov 26 21:23:07 +0000 2017,When your boyfriend gets an email saying his package would be delivered by 8pm today. So Christmas shopping was cancelled. He just got an email saying it ‘might’ be here before Wednesday. Cheers @115830,2617327,,2617329.0
629606,269146,True,Mon Nov 20 15:42:47 +0000 2017,@115821 still didn't get any reply from Amazon regarding my refund this is totally ridiculous.,"629605,629607",,629606.0
1929383,421448,True,Wed Oct 18 22:00:29 +0000 2017,@AmazonHelp Su responsable en #Amazon @37228 no está haciendo bien su trabajo pues @135806 es un desastre en Murcia y debe saber,,1929382.0,1288881.0
2597926,241206,True,Fri Nov 17 04:54:53 +0000 2017,@AmazonHelp justo el de hoy de @3634 vs Titans =),2597924,2597927.0,2597928.0
30032,122605,True,Wed Nov 01 11:42:01 +0000 2017,@AmazonHelp And thank you for the help.,30035,30031.0,30036.0
778452,305889,True,Thu Oct 12 04:50:26 +0000 2017,"@AmazonHelp Thanks, now done this",,778451.0,778453.0
1117737,172901,True,Tue Oct 24 04:27:30 +0000 2017,@AmazonHelp Does Amazon offer discount for hosting/cloud services for Prime Member?,1117736,,1117737.0
1953435,579940,True,Thu Nov 16 11:35:20 +0000 2017,@AmazonHelp In the email just encouraged to order again from another seller at twice the cost . Forgive me for being sceptical but why would I do that ?,,1953434.0,1953436.0
726955,294133,True,Wed Oct 11 06:27:32 +0000 2017,@AmazonHelp D'acc! Merci de l'aide O/,726957,726954.0,726958.0
1735279,523982,True,Tue Nov 07 14:14:54 +0000 2017,@AmazonHelp 購入するのを再検討します。お手数かけてすみません。丁寧な対応ありがとうございました🙇,,1735278.0,1735280.0
2786267,446110,True,Tue Nov 21 20:30:50 +0000 2017,@AmazonHelp Estimated delivery is Saturday,2786269,2786266.0,2786261.0
183004,159040,True,Wed Oct 04 14:45:35 +0000 2017,@159041 @159042 Which platform might I ask?,183003,183005.0,183006.0
1494313,466976,True,Fri Nov 03 10:50:32 +0000 2017,Acabo de recibir un paquetito de @116928 que me hace salivar. Deseando pasar el finde con @80092 @80093 y @80094 https://t.co/kh8oFTY9rC,1494311,,1494313.0
756344,300779,True,Wed Oct 11 18:56:17 +0000 2017,@AmazonHelp Thanks I’ve emailed back,,756343.0,756342.0
792060,308867,True,Thu Oct 12 13:04:27 +0000 2017,"@116316 wieso versendet ihr Pakete mit @122924  ?
Dieser Paketdienst ist der Horror seit 3 Tagen Sendungsverlauf Paket in Zustellung",792059,,792060.0
1704769,271700,True,Tue Nov 07 16:36:58 +0000 2017,"@AmazonHelp Yup and I was lied to. I was told you guys called ups to make sure I got my item on time. And that was a lie, I never got it.",1704770,1704768.0,1704778.0
2897538,802821,True,Wed Nov 29 15:58:04 +0000 2017,@AmazonHelp Still no delivery which should have been here Monday by 17:00. Won't be doing any #christmasshopping with @115830 this year. Awful amazon logistics letting their customers down. #Amazon,2897539,2897536.0,2897532.0
746787,191901,True,Wed Oct 11 16:47:42 +0000 2017,@AmazonHelp A pathetic email asking me to be Pattie ya dad wait a further 2 days. It’s a PRIME item saying today until email at 5:30,746784,746788.0,746789.0
231568,171150,True,Thu Oct 05 09:42:47 +0000 2017,@115850 Filled out your form. Indicated that someone would call me in 12 hours. No call yet. #fail,231566,231572.0,231572.0
2898916,803123,True,Tue Nov 28 17:28:57 +0000 2017,@AmazonHelp Okay i already reset my password and it's still locked i just wanna know if my order will still be delivered or not i already purchased it?,"2898918,2898919",2898915.0,2898925.0
729249,127254,True,Wed Oct 11 09:03:02 +0000 2017,@AmazonHelp Yes. I have checked it repeatedly and o have asked for the unnecessary code to be resent about 10 times and still nothing.,,729247.0,729246.0
2902470,803910,True,Tue Nov 28 18:48:05 +0000 2017,@AmazonHelp Il devait arriver aujourd'hui et je ne peux pas avoir le suivi de colis mtn,2902472,2902469.0,2902471.0
1381129,416255,True,Mon Oct 30 06:17:55 +0000 2017,@AmazonHelp Pls update the status.,2513468,1381128.0,1381128.0
144120,148582,True,Fri Nov 24 14:36:21 +0000 2017,@AmazonHelp Than what's the whole point havins a social media team if they can't help? Why do a customer goes to social media ? I'm amazed at your wit's this is really autocratic on part of Amazon. The least you could do is arrange a call back.,144121,144119.0,144116.0
2044851,222860,True,Thu Nov 30 23:21:57 +0000 2017,@115821 I do not pay for Prime and two day shipping and order Prime items so that Amazon can ship them to me whenever you feel like it.,2044849,,2044851.0
2385786,271571,True,Fri Oct 20 10:05:15 +0000 2017,"@AmazonHelp Hello, no update as whether they will be delivering today, it only says delivery delayed.",2385788,2385785.0,2385787.0
2398887,576125,True,Fri Oct 20 11:10:36 +0000 2017,Ya hoy deberia tomar decisión de cancelar mi orden por @115821. Parece q no quieren enviar a Puerto Rico. @AmazonHelp,2398884,,2398887.0
2867201,795716,True,Tue Nov 28 00:45:07 +0000 2017,@AmazonHelp .... yes as i told your rep who said i have to wait up to 36 hours when i  was promised it today,2867199,2867202.0,2867203.0
2454456,703115,True,Wed Nov 15 03:35:17 +0000 2017,If @115821 doesn't let me cancel my order of #BattlefrontII I'm going to cancel my card immediately just so I don't have to buy the damn thing.,2454455,,2454456.0
718412,292008,True,Sat Nov 25 07:34:56 +0000 2017,@119625 Please add Kannada language movies. So many prime users from Bangalore are waiting.,718411,,718412.0
130335,145396,True,Fri Nov 24 06:07:23 +0000 2017,"@115821 YOUR  COURIER AGENT  AT SURAT, GUJARAT, INDIA  DID'T FIND MY ADDRESS.  CHANGE HIM  AS SOON AS  POSSIBLE.  R  MY  RESIDENCE AT  MOON?  Y  HE DID'T  TRACK  ME?",130334,,130335.0
1429549,452028,True,Mon Oct 16 17:55:40 +0000 2017,"Dear @117634 - I want to lend my book on kindle to a friend for 5 days; how to do that ?
Thank you.",1429547,,1429549.0
1187723,188339,True,Tue Oct 24 23:17:10 +0000 2017,@AmazonHelp I FEEL LIKE YOU GUYS ARE CUTTING IT REALLY CLOSE #Oct24 https://t.co/Pzi0iQLBpL,1187722,,1187723.0
1353529,435662,True,Mon Oct 16 15:09:48 +0000 2017,"@AmazonHelp That someone would ""try"" to deliver tomorrow. Not addressing the issue of why they couldn't find my house today. I have no confidence",1353531,1353528.0,1353530.0
2919834,808145,True,Wed Nov 29 00:50:52 +0000 2017,"@AmazonHelp Signed my wife up for Prime with her mobile number and have not been able to sign back in since the acct was created like 5 days ago. There’s no email associated with this acct yet. Super strange. Never had this issue before. And before I’m charged, I need to use the acct 1st.",2919833,2919835.0,2919836.0
210448,165812,True,Wed Oct 04 18:15:31 +0000 2017,#Amazon #amazonprime  #AmazonIndia stop fooling people by displaying fake prices under the tag of #Prime .,210444,210479.0,210479.0
1034757,364772,True,Mon Oct 23 06:19:05 +0000 2017,I@forgot to cancel my amazon prime trial ugh now I’ve been charged,1034756,,1034757.0
1570206,484246,True,Sat Nov 04 17:10:08 +0000 2017,@AmazonHelp yooo,1570205,,1570206.0
362435,201840,True,Sun Oct 08 17:59:25 +0000 2017,"@AmazonHelp how do I contact u?Ordered pack of 40 erasers: 3 broken,some poor quality,some the same.Don't want 2 return all of them.Pls help",362434,,362435.0
2670725,563674,True,Sun Nov 19 12:09:32 +0000 2017,"Did some more testing of this camera, and something is clearly screwy... This is not what I'd expect in a 4k camera... I had contacted seller, but now think I should just return to @115830? :( https://t.co/cF3ebftGJl",2670723,2670726.0,2670726.0
1996384,150994,True,Sun Nov 26 10:34:29 +0000 2017,"@AmazonHelp I am trying to use my Echo Dot to control my Fire TV by following these instructions from your site https://t.co/dcIQTOkKSy but this is all I see in my Alexa app (no ‘Fire TV’ or option to link), can you help? https://t.co/SrsS5SLhus",1996382,,1996384.0
22476,120912,True,Tue Sep 26 09:49:07 +0000 2017,"@115821 après un chat direct avec vous au sujet d'une commande ne venant pas de moi, vous avez tout de même débité mon compte de 110,94€. ??",22475,,22476.0
1409544,206404,True,Sat Oct 28 22:12:08 +0000 2017,@AmazonHelp @AmazonHelp 's idea of compensation for wasting a whole day of my life? ~£6-7. That's a 'valued customer' in their eyes.,,1409543.0,1409547.0
485184,230442,True,Fri Dec 01 15:24:55 +0000 2017,@AmazonHelp Thanks!,485183,485185.0,485186.0
1623704,497351,True,Sun Oct 29 20:07:03 +0000 2017,@AmazonHelp They are songs that were “streaming” (not mine necessarily).  I say play blippi and it keeps trying to set up a pandora station,,1623703.0,1623705.0
2086359,197814,True,Wed Nov 08 12:32:08 +0000 2017,"@AmazonHelp I have contacted your customer care many times. But, their response is casual as they are offering me Refund.

However, I am expecting NEW product (as promised) instead of refund against the return of the product.

I have been duped by Amazon through ‘Deceptive Labelling’.",,2086358.0,2086354.0
2710338,761038,True,Sun Nov 26 23:05:15 +0000 2017,@AmazonHelp Just literally happened. We watched them speed off. Just wanted you all to be aware.,2710337,2710339.0,2710340.0
296737,186689,True,Wed Oct 04 02:57:10 +0000 2017,"@AmazonHelp To include it, I have to use a much more inconvenient solution. The 2 items are going to different people so it’s just very inconvenient.",296738,296735.0,296746.0
2852172,792992,True,Mon Nov 27 19:40:18 +0000 2017,"Hola, me cancelaron una orden, he contestado el mail y enviado por fax la información que me pidieron. Pueden desbloquear mi cuenta para asi poder hacer una compra? @AmazonHelp",2852171,,2852172.0
947225,344631,True,Sat Nov 25 22:28:29 +0000 2017,@AmazonHelp Como puedo checar esto? Mi cuenta con Amazon la abrí en https://t.co/DA1sqtzojM hace mucho. La de Prime desde esa misma cuenta este mes,947227,947224.0,947226.0
78742,133565,True,Thu Nov 30 13:08:35 +0000 2017,@AmazonHelp You need to improve your customer service. It’s slipping.,,78741.0,78740.0
236652,128911,True,Thu Oct 05 14:28:53 +0000 2017,@AmazonHelp I can’t wait I had to buy one for the book store I was doing my hw and couldn’t complete it Bc there were missing pages,236654,236651.0,236653.0
2531703,164060,True,Mon Oct 30 11:31:40 +0000 2017,@AmazonHelp No not according to this once I logged in.... https://t.co/PHKxRJbNo6,,2531702.0,2531705.0
1990285,589011,True,Wed Oct 18 22:31:20 +0000 2017,@AmazonHelp You people showing wrong information that courier unable to contact us though I am informing your customer care that delivery guy phone if,"1990287,1990288",1990284.0,1990283.0
394983,169172,True,Fri Sep 30 17:52:06 +0000 2016,@AmazonHelp @115830 45th day requesting any kind of response,394984,394982.0,395394.0
585790,258296,True,Sun Dec 03 14:55:59 +0000 2017,"Thanks @118706 and @115821 for the Sunday delivery, however for a unopened and undamaged box I would have happily waited until Monday. @123967 @AmazonHelp https://t.co/8sh7LRRCoQ",585789,,585790.0
1262594,415724,True,Thu Oct 26 11:04:42 +0000 2017,@AmazonHelp I bought a onesie on amazon and what I have received looks like a cheap knock off of the picture on the page,1262592,,1262594.0
2402378,691158,True,Tue Nov 14 14:09:10 +0000 2017,@AmazonHelp yes I’ve spoken customer service they’ve arranged refund of missing items but say I need to reorder https://t.co/RgoNFzd0sq,,2402375.0,2402379.0
2303914,668495,True,Sun Nov 12 19:33:40 +0000 2017,Worst experience ever with @115821 logistics!! I️ need a manager to get ahold of me ASAP. Spoken with 7 people all say different things.,2303912,,2303914.0
801033,310880,True,Thu Oct 12 15:43:29 +0000 2017,"Oye @116875, ya que hay mucho amor entre nosotros, me regalarías esto de cumpleaños? https://t.co/DTMaDVsfD4",801031,,801033.0
1177160,396882,True,Wed Oct 25 00:54:04 +0000 2017,@AmazonHelp Me pone que es gestionado por amazon pero vendido por otro,1177162,1177159.0,1177161.0
430677,217419,True,Tue Oct 10 14:55:29 +0000 2017,@AmazonHelp This is happening when I have amazon prime membership. Ine can imagine normal deliveries @115821 @115850 @118702,,430676.0,430678.0
2495471,712213,True,Mon Oct 30 02:13:50 +0000 2017,@AmazonHelp Just sent a DM,,2495470.0,2495469.0
834788,318777,True,Fri Oct 13 13:49:39 +0000 2017,@AmazonHelp All been sorted. You're customer service is ace 👍,"834790,834791",834787.0,834789.0
597895,149159,True,Sun Dec 03 20:11:22 +0000 2017,@AmazonHelp I was promised it would be delivered today but it is past the delivery time. I was given no notification. My Mum got a delivery today but I didn't. I now have an 'expected' delivery date although on Friday it said it would be here today through prime. https://t.co/XSwfl94hny,597893,597897.0,597898.0
2728925,765132,True,Mon Nov 20 14:42:43 +0000 2017,hey @AmazonHelp somehow I don't think my package will be arriving today as expected seeing as you haven't even shipped it yet. Its been a month now.,2728923,,2728925.0
1627278,498229,True,Sun Nov 05 14:53:59 +0000 2017,"Spent the last 30 mins trying to get my @115830 fire box to work, follow all the help tips &amp; I can’t get past the homescreen! Never works!",1627277,,1627278.0
2171193,130293,True,Fri Nov 17 15:30:17 +0000 2017,Hora de dar una vuelta por #PrimeVideo de camino a casa e ir eligiendo de lo mejorcito. ¿Qué peli/serie veréis el finde? ;) https://t.co/BCgTlkYuR3,"2171194,2171192,2171195",,2171193.0
2276767,662157,True,Mon Nov 13 07:49:41 +0000 2017,@AmazonHelp Thanks I have replied.,,2276766.0,2276768.0
2588268,335691,True,Mon Oct 30 19:27:25 +0000 2017,@AmazonHelp Too late Amazon you done fucked up. It was a Prime item. No reason to have Prime membership now.,,2588267.0,2502226.0
2381779,686674,True,Tue Nov 14 06:23:53 +0000 2017,"@AmazonHelp @amazonhelp repeated refusals to acknowledge the nature of my complaint is no longer with the order, but with the service provided a",,2381775.0,2381789.0
2886523,385931,True,Tue Nov 28 12:21:43 +0000 2017,@AmazonHelp Thanks ! Also the help on my Alexa goes to your US office instead of India. Hence the difficulty reporting this.,2886522,2886524.0,2886526.0
2418954,655892,True,Sun Oct 29 11:44:23 +0000 2017,@115830 I just bought this book and it has tape all the way around which won't come off without ripping. It was bought as a present ! https://t.co/dCPjn6I5uJ,2418952,,2418954.0
215043,158949,True,Thu Oct 05 08:38:16 +0000 2017,@AmazonHelp already shared the details yesterday but no response yet,215045,215042.0,215047.0
1383989,266372,True,Sat Nov 25 21:35:28 +0000 2017,"@115821 @115850  @AmazonHelp 10days of No product delivery, No proper customer support, No proper answers and NO REFUND #fuckyouamazon",1383988,,1383989.0
258813,177532,True,Thu Oct 05 21:50:10 +0000 2017,@AmazonHelp I just filled out the request on the website. Thank you.,,258812.0,258808.0
444369,220263,True,Wed Nov 22 09:22:31 +0000 2017,@120533 vous êtes complètement fou de laisser des colis dans la rue à la vue de tous !,444368,,444369.0
914801,228147,True,Sat Oct 21 09:14:01 +0000 2017,@AmazonHelp What use is that link precisely?,914803,914800.0,914802.0
1278074,415149,True,Thu Oct 26 16:59:30 +0000 2017,"@AmazonHelp Received your mail. But, the phone doesn't serve my purpose anymore. That's why I asking for a refund. Had I got it on time, it was useful.",1278075,1278072.0,1278082.0
916583,337611,True,Fri Oct 20 05:25:30 +0000 2017,@AmazonHelp My so called high prioritized package was lost despite calling you guys several times.,916582,916584.0,916585.0
2634893,743853,True,Fri Nov 17 18:52:53 +0000 2017,em 6hs acaba a promoção do novo box de harry potter na @117086 e eu ainda tô na dúvida se compro ou não jesus me ajuda,2634892,,2634893.0
326683,193840,True,Sat Oct 07 16:47:44 +0000 2017,"@AmazonHelp I called earlier today and was told all I could get was that free month, which I don’t need since I’m not paying for prime my parents are",326685,326682.0,326694.0
522626,240717,True,Sat Dec 02 04:49:59 +0000 2017,@AmazonHelp 了解致しました。,522628,522625.0,522627.0
1379897,294487,True,Sat Oct 28 04:33:49 +0000 2017,@119625 When new episode of @41845 gets uploaded ??,"1379895,1379901",,1379897.0
1711390,518424,True,Tue Nov 07 00:26:59 +0000 2017,"@116875 cómo cancelo mi cuenta de Prime? dice que hay un problema con el pago, o sea, está corriendo mi trial o no??? aiuuuda!!!!",1711388,,1711390.0
93737,136320,True,Thu Nov 30 15:29:58 +0000 2017,@AmazonHelp No I just saw something on the tracking that said carrier delay,,93736.0,93738.0
2934434,811378,True,Wed Nov 29 09:40:32 +0000 2017,"@534798 @AmazonHelp @115830 Argh, now Amazon respond from a no-reply address with a completely gibberish response that implies they didn't even read my email (and looks like 3 canned responses pasted together)!",2934432,2934439.0,2934443.0
865706,322303,True,Mon Oct 16 10:06:14 +0000 2017,@115850 @AmazonHelp @115821 Do you need Ages to resolve this ? @118702 is more professional,1303615,865701.0,865701.0
1599033,491078,True,Mon Oct 23 15:25:49 +0000 2017,"【探してます】
Amazon Fire TV（ボックス型）を購入し、有線LANにて接続・視聴出来ている方にお聞きしたいことがあります。
もしいらっしゃいましたらリプかDMにてご連絡いただけますととても嬉しいです。
有線接続が出来ず困り果ててます…(´；Д；｀)宜しくお願いします💦",1599032,,1599033.0
1178040,397060,True,Tue Oct 24 21:36:36 +0000 2017,@AmazonHelp I have filled the same. Im sure this wont work again.,,1178039.0,665469.0
1648112,503488,True,Wed Oct 18 01:46:53 +0000 2017,@AmazonHelp You guys have shown the great way of not being responsible. Keep it up #BadService #pathetic,,1648111.0,1648027.0
1115206,164814,True,Sun Oct 15 10:55:20 +0000 2017,@115850 returns product yesterday but neither update in my account nor refund. https://t.co/xkoRG51I8x,"1115205,1115207",,1115206.0
1296286,422987,True,Thu Oct 26 21:43:28 +0000 2017,"Had a same day order, nothing arrived. Called CS, can’t redeliver at my work address, no manager avail to talk to. You’re a joke @115830",1296284,,1296286.0
2719412,763152,True,Mon Nov 20 08:36:53 +0000 2017,Ciaone: la app di @120540 mi manda le notifiche sul black friday peró non carica i contenuti. Ottimissimooo,2719410,,2719412.0
1651584,504355,True,Mon Nov 06 06:41:24 +0000 2017,@115850 customercare guys are not aware about ongoing offers. delivery agent not aware about doorstep load cash offer. no response on ticket raised.,1651583,,1651584.0
1070014,372483,True,Mon Oct 23 17:47:18 +0000 2017,@AmazonHelp Foi sim :),1070016,1070013.0,1070015.0
309240,168206,True,Sat Oct 07 01:22:34 +0000 2017,@AmazonHelp This all happened today!,309244,309239.0,309243.0
1416013,449079,True,Thu Nov 02 02:55:14 +0000 2017,"@AmazonHelp I am on a call with your customer representative to know the status of my order, and she put me on hold for last 7 minutes.",1416443,1416012.0,1416012.0
2626372,277610,True,Tue Oct 31 00:05:40 +0000 2017,"Hey @115821. Throw another package over my fence to ""deliver"" it and I'll be throwing hands so fast you'll think it's on Prime.",2626370,,2626372.0
1228018,217961,True,Wed Oct 25 17:51:43 +0000 2017,@AmazonHelp preordered a book on prime which is released the 26th but my order says arriving 31st. Isn’t it meant to come on it’s release?,1228016,,1228018.0
738438,296613,True,Wed Oct 11 12:41:39 +0000 2017,@115850 My order which s expected to delivered 10thOct hasn't yet Dispatched. Got Poor response 4m CustCare. Told me Dis s How AmazonWorks,738436,,738438.0
1061388,370611,True,Mon Oct 23 12:55:16 +0000 2017,"@12339 Your staffs are liers and do not contact customers, instead return the products on their own. @115850 kindly look into this.","1061386,1061390,1061391",,1061388.0
989591,354427,True,Sun Oct 22 13:10:13 +0000 2017,@AmazonHelp Not good enough when I paid for pre -1.00 p.m. delivery,989592,989590.0,989589.0
566573,252840,True,Sun Dec 03 02:20:46 +0000 2017,"@AmazonHelp Have been told 3 things: that it “shipped” on order day 11/21 (seller to “carrier”), it hasn’t really shipped (by your reps), and in trying to cancel, refusal is asserted (by email) because “preparing to be shipped.” Site/app gave track # on 11/21, but says same thing since then.","566574,566575",566572.0,566571.0
505928,236051,True,Fri Dec 01 21:01:44 +0000 2017,My wife and I are hammering @115830 this Xmas. But with only one account neither of us are allowed to check order statuses and I can’t look in my inbox until Xmas day.,505926,,505928.0
2338207,385780,True,Fri Oct 20 06:03:13 +0000 2017,@AmazonHelp @115850 ya I did. He couldn't do anything. Now can't get it at the same deal,2338208,2337920.0,2337919.0
294731,186205,True,Fri Oct 06 17:50:23 +0000 2017,Just renewed my #amazonprime membership for 499 through #amazonpay got 15% cashback. Wow one more year of the best offers. Thanks @115850,294730,,294731.0
2439613,699730,True,Tue Nov 14 22:45:08 +0000 2017,"@AmazonHelp The problem is my card was charged, but nothing was ordered on my account.",2439615,2439612.0,2439614.0
1737100,524396,True,Tue Nov 07 09:44:30 +0000 2017,Ya llegaron. Thanks @116928 https://t.co/nYG74UEJZ4,1737099,,1737100.0
2468667,706268,True,Tue Nov 21 13:51:18 +0000 2017,@AmazonHelp Already raised complaint on your site.let me know what details you want,2468666,2468668.0,2468673.0
2317172,671826,True,Mon Nov 13 07:28:45 +0000 2017,"@AmazonHelp order 405-0276009-8128368  not yet delivered; courier falsely updated status as ""Delivered""",2317171,,2317172.0
2457798,703958,True,Wed Nov 15 05:36:11 +0000 2017,@AmazonHelp I am currently speaking to yet another person. Hopefully it will be resolved this time.,,2457797.0,2457801.0
2671379,689331,True,Tue Oct 31 09:55:15 +0000 2017,Plusieurs jours que je n’arrive pas à consulter mon compte ni à commander sur l’application @120533,2671377,,2671379.0
227312,170228,True,Thu Oct 05 08:01:16 +0000 2017,@115850 Yes! Multiple times. My product RPU has been cancelled for the 5th time.,"227942,227943,227944",227311.0,227311.0
722926,293098,True,Wed Oct 11 03:35:16 +0000 2017,@AmazonHelp I sent a DM,722928,722925.0,722930.0
1626097,451146,True,Tue Oct 17 12:31:02 +0000 2017,@AmazonHelp Why can't ur CC execs sum up courage to say the truth !!,"1626099,1626100",1626096.0,1626098.0
682608,282900,True,Sun Oct 22 14:48:30 +0000 2017,@AmazonHelp person available on given number denied to deliver today @115850,,682606.0,682624.0
2392639,689001,True,Tue Nov 14 11:10:51 +0000 2017,@AmazonHelp Papuche ! Hommage à moi moche et méchant ! 😄,2392641,2392638.0,2392640.0
2184750,294519,True,Thu Nov 09 17:39:30 +0000 2017,"@AmazonHelp On the buying page no where this was mentioned, this policy can't be hidden, show me a screenshot where you have mentioned in product description",2184749,2184751.0,2184759.0
2304774,668708,True,Sun Nov 12 21:48:36 +0000 2017,"@AmazonHelp Yeah I did notice that, do you have any idea when the physical copy of the game will be able to preorder?",2304776,2304773.0,2304775.0
281405,183046,True,Fri Oct 06 11:09:43 +0000 2017,@115850 ke 1 rupye ki lightning deal. Gandu saalo. https://t.co/aQlszc0B7e,"281404,281406",,281405.0
1588083,488431,True,Sat Nov 04 23:00:48 +0000 2017,@9236 what e-reader can I read Yuzu textbooks on? @115821 does the kindle paper white support my yuzu textbooks? @10100 shame on you.,1588078,,1588083.0
1698711,219466,True,Mon Nov 06 23:45:05 +0000 2017,@233306 @115833 Is the Hue Hub that's built in to the latest Echo a v2 hub? Can it control light colours? Sadly my Hue Hub is v1. 😥,1698710,1698712.0,1698712.0
1182467,398075,True,Tue Oct 24 22:34:15 +0000 2017,@AmazonHelp I need to inquire about returned shipping fees. I purchased overnight delivery but here we are. The next day. No package,1182465,,1182467.0
1012894,359681,True,Thu Oct 19 13:54:47 +0000 2017,@AmazonHelp my contact details were sent to you via link mentioned in your tweet. But no one ccontacted me so far.,1012895,1012893.0,1012892.0
1298962,423580,True,Thu Oct 26 15:58:06 +0000 2017,@116313 Amazon Barで出していたチョコレート（ポッキーではなく売っていたほう）はAmazonで買えますか？,"1298961,1298963",,1298962.0
969094,349811,True,Sat Oct 14 05:04:22 +0000 2017,"@AmazonHelp Do you guys understand English? I asked for a call back on this number 880-268-8868.

2nd thing - I'm sure you guys don't maintain FRT.","969093,969095",968120.0,968118.0
2715199,762202,True,Mon Nov 20 04:49:59 +0000 2017,"Oye @116875, ¿tus precios son en dólares o en pesos mexicanos?",2715198,,2715199.0
174568,156930,True,Fri Nov 24 23:13:37 +0000 2017,Quelle honnêteté @120533 @2600 https://t.co/fZlgDUnvcY,174567,,174568.0
1706285,517129,True,Tue Oct 17 17:49:47 +0000 2017,"@AmazonHelp I have sent an email, thank you! I hope it works out!",,1706284.0,1706286.0
1100895,379741,True,Sun Oct 15 07:13:14 +0000 2017,@AmazonHelp *ur,,1100890.0,1100889.0
144238,148607,True,Fri Nov 24 13:07:31 +0000 2017,"Really @115830, you need to sort your packaging out! This huge box and paper packing, for this tiny watch! https://t.co/2VYtF79XyN",144236,,144238.0
2504987,714336,True,Wed Nov 15 19:52:42 +0000 2017,@116935 hi. Please help. I’d like to buy my parents one of the new Echos but would like them to be able to access my Amazon Music as I’m a Prime member. Is this possible? Thank you,2504986,,2504987.0
1392417,443853,True,Sat Oct 28 12:58:44 +0000 2017,@116316 Odyssey,1392416,1392418.0,1392418.0
2281502,208835,True,Sun Nov 26 15:29:01 +0000 2017,"Hey @115821, this is why you choose to ship with someone other than @115817. They drove passed my house to deliver to a facility, and then didn't deliver at all yesterday. @AmazonHelp @UPSHelp https://t.co/Ky5wQqQkco","2281500,2281503",,2281502.0
2504849,714308,True,Wed Nov 15 21:51:03 +0000 2017,"@AmazonHelp Do not do things like this on phone because I cannot/do not know ""who"" I an talking with and will not give any personal info over phone. E/mail ONLY",,2504848.0,2504851.0
349609,199196,True,Sun Oct 08 08:52:22 +0000 2017,@AmazonHelp Ja bin dann mal im serien Paradies,,349608.0,349612.0
1606246,493444,True,Tue Oct 17 11:16:05 +0000 2017,@AmazonHelp I did that 3 times today and see that your executives abruptly disconnects and hence doesnt wish to spend time till you show a proof.,1606247,1606245.0,1606244.0
866103,325657,True,Sun Oct 22 05:41:46 +0000 2017,@AmazonHelp worst support..,"866104,866105",866102.0,866106.0
1065187,371487,True,Sun Oct 15 09:47:34 +0000 2017,@AmazonHelp yes. Twice,1065189,1065186.0,1065188.0
2553888,281043,True,Thu Nov 16 15:27:53 +0000 2017,@AmazonHelp Talvez na versão mobile não seja igual.. https://t.co/rnqovHbp2o,2553886,2553890.0,2553893.0
789650,308324,True,Thu Oct 12 11:59:26 +0000 2017,@AmazonHelp Es geht in diesem Fall um eine Rücksendung meinerseits. Mir wurde ein Produkt ersetzt und ich muss das alte noch zurückschicken. [...],789652,789649.0,789662.0
1100478,379637,True,Sat Nov 25 18:18:03 +0000 2017,"tried ordering Wide Sargasso Sea off @115821 because i need it for college and my shipping address clearly has Fredericksburg, VA in it and they sent it to Troy, AL 😤😤 @AmazonHelp https://t.co/FAvVqC0fdq",1100477,,1100478.0
1844463,249023,True,Wed Nov 08 04:56:33 +0000 2017,".@115821 What's the point of having Amazon Prime when you're expecting multiple deliveries by 8PM on 11/7, then find out AFTER 8PM they're now expected by 11/9? #customer #fail",1844462,,1844463.0
2511779,161904,True,Mon Oct 30 05:26:39 +0000 2017,@AmazonHelp my order for echo is stuck. Your support team said we cant help in it. Pls help,"2511790,2511777",,2511779.0
483775,230083,True,Fri Dec 01 16:24:56 +0000 2017,@AmazonHelp I did it in the past.. If you have any record please check..,483776,483774.0,483771.0
2887380,285435,True,Tue Nov 28 13:44:57 +0000 2017,"@AmazonHelp If you could, send me a Logitech 993-000439-01 Unifying USB Receiver for Mouse and Keyboard which would help me pair this keyboard to my computer. Because it's the second time you sent me a keyboard that I can't use without an 
unifying dongle",2887381,2887291.0,2887292.0
721435,292686,True,Wed Nov 01 04:44:19 +0000 2017,@AmazonHelp Thanks ^EA ! Have a rad Halloween!,,721434.0,721436.0
998202,356366,True,Sat Oct 14 12:08:08 +0000 2017,Que peligroso es entrar en @116928,998201,,998202.0
2238705,652763,True,Sun Nov 26 14:46:43 +0000 2017,Thanks @115830 I wasn't sure how my parcel was 'handed to resident' when I (resident) was out of the house... Came home over an hour later to find that my door (not a resident) obviously accepted the parcel for me 😐. Good job I live in an honest neighbourhood. https://t.co/xaGlzEUhve,2238704,,2238705.0
2493678,711840,True,Wed Nov 15 19:00:56 +0000 2017,@AmazonHelp Yes,2493679,2493677.0,2493676.0
795213,309588,True,Thu Oct 12 14:13:48 +0000 2017,@AmazonHelp that'll be the last time I use prime now. Just spent £150 on an empty fitbit box,795211,,795213.0
1603311,492051,True,Sun Nov 05 07:31:10 +0000 2017,モヤモヤさまぁ〜ずがAmazonで見放題なんて嬉しすぎるんだぜ…,1603310,,1603311.0
717672,291844,True,Thu Oct 12 00:57:28 +0000 2017,@AmazonHelp So apparently you guys were lying about my package even being in FL. I guess I’ll request a refund.,,717671.0,717670.0
583468,257616,True,Sun Dec 03 14:03:51 +0000 2017,"Mystère des algorithmes, opacité des robots, duplicité du e-commerce : avec 0 commentaires et 0 votes utiles, ""naunau2121"" est à l'instant le commentateur #231 sur @120533 #funfacts",583467,,583468.0
1604996,492355,True,Sun Nov 05 08:38:46 +0000 2017,Amazonプライム一生垂れ流しておけるやんけ…これは堕落する…,1604995,,1604996.0
2590692,733787,True,Mon Oct 30 19:46:27 +0000 2017,"Enganchado, muy enganchado, a Mozart in the Jungle, en @130293",2590691,,2590692.0
2474861,707543,True,Wed Nov 15 13:30:06 +0000 2017,@AmazonHelp iPad 2 and iPhone 7,2474860,2474862.0,2474863.0
924647,339436,True,Fri Oct 13 18:54:48 +0000 2017,Pichi poo items M lo products anni discounts pettaru nak kavalsinavi okkati reasonable prices lo lev @115850 @118702 endi ra ide 😡,"924646,924648",,924647.0
537465,244587,True,Sat Dec 02 14:42:23 +0000 2017,"@AmazonHelp Could you pls request the vendor to share the MRP printed on the book. As I have recently bought the same book with same batch of production at 1,250.",537467,537464.0,537466.0
1181457,328144,True,Tue Oct 24 22:11:31 +0000 2017,@115821 have been on phone 3 times w/tech. Streaming music still craps out every 15 minutes. Waste of time and money.,1181456,,1181457.0
1086785,376347,True,Mon Oct 23 18:27:17 +0000 2017,"@115830 is there a way to find out why my item couldn't be delivered? Supposed to arrive by 9pm but it ""failed"" to deliver.",1086784,,1086785.0
665501,350167,True,Sun Oct 22 04:54:10 +0000 2017,"@115850 Worst ever delivery service of amazon as well.as support team too, I wouldn't recommend Amazon,, prepaid order did not receive since 17 oct","977786,977785,977787,977788",665469.0,665469.0
2510682,715652,True,Mon Oct 30 04:32:06 +0000 2017,@119625 #ERROR  unable to subscribe amazon prime video from amazon prime android app... After click join prime show this empty page https://t.co/4AsaLRPYne,2510680,,2510682.0
382176,191759,True,Sat Aug 12 12:00:16 +0000 2017,@115833 is the drop in 'intercom' functionality available in the UK?,382174,,382176.0
738434,296609,True,Wed Oct 11 12:56:24 +0000 2017,"@AmazonHelp Shared. Have heard lots of fake promised and excuses. But still haven't got my refund. You can not take the customers for granted, can you?",,738420.0,738416.0
812471,313591,True,Sat Nov 25 09:37:46 +0000 2017,"@AmazonHelp - received order, not satisfied, is damaged or just poor quality. Not easy for me to return. Suggestions?! Order 206-0252060-7377140",812469,,812471.0
2771730,774772,True,Tue Nov 21 13:12:00 +0000 2017,@115830 @AmazonHelp hi can you assist on this please #amazon,2771727,2771732.0,2771732.0
1689250,330809,True,Tue Oct 17 16:53:13 +0000 2017,"@AmazonHelp peguei uma promo com ""Os Novos Mutantes - Entre a Luz e a Escuridão"" e ""Terra X"", ambos da Marvel :D",1689248,1689262.0,1689263.0
873728,327439,True,Fri Oct 20 20:38:16 +0000 2017,@AmazonHelp what's your return policy on wireless routers?,873727,,873728.0
2093969,618705,True,Wed Nov 08 10:34:09 +0000 2017,Amazon使った記憶ないのに、謎の配達連絡,2093968,,2093969.0
1251966,413683,True,Thu Oct 26 05:20:52 +0000 2017,"@AmazonHelp This is the issue. Item ordered on Thur, Oct 19th. Item never shipped. Says I should have received it today. https://t.co/iaE9h5Ke50",1251968,1251964.0,1251967.0
909021,335913,True,Sat Oct 21 02:32:20 +0000 2017,@115850  this order not delivered as scheduled. Why this default? Order Id: 404-9548248-5390728,"909020,909022,909023",,909021.0
1734578,235515,True,Tue Nov 07 13:33:43 +0000 2017,@AmazonHelp It says out for delivery but it's said that since Friday,1734580,1734577.0,1734579.0
2398889,576125,True,Fri Oct 20 16:37:42 +0000 2017,@AmazonHelp Ya me cansé de esperar. Cancelado. Adiós para siempre Amazon. @AmazonHelp amazon? Nah',,2398888.0,2398887.0
2736241,751431,True,Mon Nov 20 20:13:42 +0000 2017,"@AmazonHelp I ordered on Thurs night with prime next day delivery and it was supposed to arrive on Saturday. 3 days in a row it's been ""out for delivery"" and not been delivered!",2736240,2736242.0,2736243.0
534157,243715,True,Sat Dec 02 12:00:32 +0000 2017,@AmazonHelp Hier...,534155,534161.0,534162.0
1058056,337086,True,Mon Oct 23 18:09:15 +0000 2017,"@AmazonHelp what is that resolution?? U have rescheduled it for 4th time!!!
#whenitwillbedone","1058057,1058058",1058054.0,1058045.0
270930,180631,True,Fri Oct 06 14:11:51 +0000 2017,@AmazonHelp Hopefully won’t have to.,,270929.0,270917.0
603150,263272,True,Sun Dec 03 22:32:18 +0000 2017,"@AmazonHelp Hello! I have a Chromecast. If I sign up for Amazon Prime, will I be able to cast videos?",603148,,603150.0
629612,269147,True,Wed Nov 22 15:17:55 +0000 2017,@amazonhelp...sir will i get any help or not?,629608,,629612.0
287856,184606,True,Fri Sep 29 12:29:08 +0000 2017,@AmazonHelp I have raised the issue 3 days ago and also shared the order ID. I am at loss using amazon if I have to take shipping charges @115850,287855,287857.0,287860.0
357336,200856,True,Sun Oct 08 15:10:55 +0000 2017,@115850 @1384 - this is  what u deliver for fresh veggies @17423 ...ridiculous https://t.co/BkX1z4R5SD,"357335,357337",,357336.0
910319,336227,True,Fri Oct 13 20:03:54 +0000 2017,@AmazonHelp Yes! Hasn’t shipped yet. Delivery was today.. pre order was for today.,910321,910318.0,910320.0
313991,190971,True,Sat Oct 07 06:24:08 +0000 2017,"@AmazonHelp paid for my parcel to be delivered yesterday. Didn't turn up, now being told it will be delivered anytime between now and the 12th!",313993,313990.0,313992.0
2179057,638621,True,Thu Oct 19 12:31:49 +0000 2017,#AmazonIndia pathetic service. ETA was 17th Oct but consignment still not received. Shld have bought it offline. Amazon gives stupid excuses,2179055,,2179057.0
2797099,780468,True,Tue Nov 21 22:54:10 +0000 2017,"@AmazonHelp No delivery on prime order.
Expected by sunday now.
Refusal to issue refund for item.",2797097,2797101.0,2797102.0
709013,289521,True,Tue Oct 10 20:41:48 +0000 2017,"@AmazonHelp Yes, because on the 'my orders' page it says 'sorry it's late, please check here for more options if it hasn't arrived by the 14th'","709015,709016",709012.0,709014.0
166402,154653,True,Fri Nov 24 20:41:39 +0000 2017,@AmazonHelp ESP when there was plenty of funds but somehow Amazon caused me to over draw,166406,166401.0,166405.0
354023,200165,True,Sun Oct 08 12:17:12 +0000 2017,@115850 on a single #android tab can't I log into #PrimeVideo and #Kindle with two different IDs?,354021,,354023.0
2974989,413204,True,Thu Nov 30 02:26:08 +0000 2017,"@AmazonHelp if i order the Limited Edition Destiny 2 Ghost, do i get charged today or a couple of days before it comes out since it comes out on the 19th of december",2974988,,2974989.0
535091,243947,True,Sat Dec 02 12:27:09 +0000 2017,Amazon è un mese che fa ritardi su tutto io sono nera NERAAA https://t.co/iZCogzKaan,535089,,535091.0
1155108,391733,True,Tue Oct 24 18:03:38 +0000 2017,"@AmazonHelp Assim falava Zaratustra - Nietz.Eu amo livros, de vez em quando vocês poderiam mandar uns marcadores de pagina ou uns Boxy, iria adorar",1155110,1155107.0,1155109.0
2182130,639279,True,Thu Oct 19 13:04:30 +0000 2017,"@AmazonHelp I am a loyal customer, order frequently but this one experience makes me not even want to order. Also a prime member but canceling today",,2182129.0,2182132.0
2290687,665269,True,Sun Nov 12 09:09:23 +0000 2017,"@AmazonHelp Not really, I just want to know why all@of a sudden when I order something on Friday I have to wait till Monday to receive, even on prime?",2290688,2290686.0,2290685.0
686767,283976,True,Thu Nov 23 13:28:28 +0000 2017,"Delivery late, bcuz my number was not reachable, such a lie I spoke to the courier guy and he said his car broke down so can't come grow up @115850 disgusting !!!",686765,,686767.0
773490,304768,True,Thu Oct 12 03:24:16 +0000 2017,@AmazonHelp No package,773492,773488.0,773491.0
396894,210013,True,Mon Oct 09 18:26:21 +0000 2017,por qué tengo tantos problemas en recibir últimamente mis pedidos @AmazonHelp ? Antes no los tenía...,396892,,396894.0
1209471,403925,True,Wed Oct 25 11:41:03 +0000 2017,@AmazonHelp Still not committing to anything...,1209472,1209470.0,1209467.0
2061651,609710,True,Sun Nov 26 11:28:31 +0000 2017,"@115850 
@AmazonHelp 
Your courier guy in Gujarat (ankleshwar) .. his mobile number- (8200486277) tell me he will not send my courior to my address .. he cancel my courior without coming to my house ..","2061652,2061650",,2061651.0
2873301,231597,True,Tue Nov 28 03:52:16 +0000 2017,"Have to give credit where credit is due, @115821 totally stepped up and took care of the issues with my package and delivery photo (in record time and went way further to make me happy than expected).  Prime Pays #AmazonPrime",2873300,,2873301.0
2939216,138484,True,Wed Nov 29 13:17:06 +0000 2017,@UPSHelp  https://t.co/pirItQSMQd,,2939155.0,2939157.0
378323,184209,True,Mon Oct 09 03:53:55 +0000 2017,Hey @115850 - how is this possible? @117634 https://t.co/RcWsz6eD8b,378321,,378323.0
2733958,766290,True,Mon Nov 20 18:06:44 +0000 2017,@AmazonHelp I unplugged it and plugged it back in. Works now. Weird. Thanks!,,2733957.0,2733959.0
2318808,672160,True,Sat Nov 25 15:27:39 +0000 2017,Proviamo un po’ sto #Uncharted arrivato ieri da #amazon #maiunagioia https://t.co/AJqJo091Pv,2318807,,2318808.0
2644539,739227,True,Tue Oct 31 03:51:42 +0000 2017,@115850 can't wait to meet #Alexa..Found her app but couldn't find @116935 app! Is it going to release today?,2644537,,2644539.0
1741666,525430,True,Tue Nov 07 18:57:18 +0000 2017,"@AmazonHelp Ist schon okay, die eine Bestellung habe ich storniert und woanders gekauft, das andere Paket steckt bei der Post fest. Trotzdem ärgerlich.",1741668,1741665.0,1741667.0
438631,219232,True,Tue Oct 10 17:33:51 +0000 2017,"Amazon shipping works in mysterious ways. @115850 
Indore, MP → Indore, MP → Gurugram, Haryana → Indore, MP → Kanpur, UP. https://t.co/vtODVBYe26",438629,,438631.0
439653,219376,True,Wed Oct 11 10:23:17 +0000 2017,"@AmazonHelp Sí,luego iré a recogerlo y pondré una reclamación a @132703, ya q los d Albal, están siempre dando problemas.Por vuestra parte todo Ok",439652,439654.0,439655.0
1750510,524526,True,Tue Nov 07 19:14:29 +0000 2017,@AmazonHelp immer noch nichts ... was würde bushido tun?,1755274,1750509.0,1750509.0
1262242,415654,True,Thu Oct 26 10:35:52 +0000 2017,@AmazonHelp please can you provide customer service phone number. I need to speak urgently with someone about replacement also damaged,1262241,,1262242.0
393057,209084,True,Mon Oct 09 17:15:26 +0000 2017,@AmazonHelp livraison aujourd'hui avant 20h... En transit... Scan d'arrivée Porter Sur Garonne à 5h36,393060,393056.0,393062.0
477682,145528,True,Fri Dec 01 11:54:27 +0000 2017,@115850 @AmazonHelp @120543 @20666 @1198 @118342  https://t.co/G2NZz8i8a2,477681,477683.0,477685.0
455526,223128,True,Thu Nov 30 23:33:31 +0000 2017,@AmazonHelp I ordered 2 eye sleep masks and they were supposed to arrive yesterday and it was delayed i got a notification they were out for delivery at 9:30 am and they still have not arrived,455524,455530.0,455531.0
1334294,145298,True,Sat Nov 04 18:44:51 +0000 2017,"@AmazonHelp Already been 4days.....no call, no update on same. Who is working.?","1334295,1334296",1334293.0,1334286.0
1865171,556583,True,Wed Oct 18 08:18:08 +0000 2017,@AmazonHelp Yes of course,,1865169.0,1865172.0
2334370,328043,True,Fri Oct 20 18:07:25 +0000 2017,@AmazonHelp  I really don't care now...You people need to compensate this..seriously...Rediculous service..,,876288.0,876287.0
1504087,303434,True,Mon Oct 16 23:22:52 +0000 2017,@AmazonHelp  https://t.co/h5nkMMXJ2B,1504086,1504088.0,1504093.0
2446243,479557,True,Wed Nov 15 01:22:18 +0000 2017,Amazon Logistics is a joke.  They had 10 days to deliver a 📦 and blew it! @AmazonHelp,"2446241,2446244,2446245",,2446243.0
1085117,350896,True,Mon Oct 23 18:57:56 +0000 2017,@AmazonHelp Guardians of the Galaxy awesome mix vol 2,,1085116.0,1085115.0
719864,217503,True,Wed Oct 11 17:34:22 +0000 2017,@AmazonHelp @115850 .. The problem is still not sorted out. How much time do you need to sort out the small problem ?,719865,719863.0,719867.0
463342,513204,True,Tue Jan 24 15:17:13 +0000 2017,@115850 disappoint from u Amazon😞😞u have to shre the trainofcard contest point we have to see our collected point &amp; winners point cheater,1690459,463341.0,463341.0
149149,149982,True,Fri Nov 24 16:20:47 +0000 2017,@AmazonHelp História do novo sobrenome - Elena Ferrante. 😉,149150,149148.0,149147.0
2418365,503038,True,Sun Oct 29 11:43:22 +0000 2017,@AmazonHelp Yes,2418367,2418364.0,19137.0
926670,339880,True,Sat Oct 21 14:27:10 +0000 2017,Amazon can't deliver the product nor they can't refund it. @115850 #GreatIndianSale #AmazonGreatIndianFestival #AmazonLoot #FraudSale https://t.co/Ln6S0IskN7,926669,,926670.0
2266913,659796,True,Sat Nov 11 10:45:02 +0000 2017,"@AmazonHelp This is the last time I am ordering from ur site... I ll surely spread the word abt how u cancel people's order,  if u r not feeling like working... Or not in a mood to work... I will make sure any one from my friends circle buys nothing from you..Thanks for a great service I got",,2266903.0,2266899.0
266492,179487,True,Thu Oct 05 23:28:13 +0000 2017,"@115821 Hello, can you assist me with something please?",266491,,266492.0
1776396,533813,True,Tue Nov 07 23:43:08 +0000 2017,Wtf @116324 @115830 found this smushy mess behind my wheely bin and and the book inside is completely ruined. Don't find any note telling me it was there... https://t.co/KHaYgxUmKr,1776395,,1776396.0
29512,122482,True,Wed Nov 01 11:17:21 +0000 2017,"This is very sad to say that being a happy cust. this time had worst experience on returns. Yet not able to return.
@115850 @AmazonHelp",29511,,29512.0
1733904,523623,True,Sat Nov 11 02:42:21 +0000 2017,@AmazonHelp Till now echo dot not received. Many escalations. Now on call with a very rude executive from Amazon. Seems Amazon is getting bad to worse.,,1733902.0,1733897.0
1477556,463077,True,Thu Nov 02 23:00:38 +0000 2017,"anyone else notice lately @115821 prime 2 day shipping is taking 3 or 4 days? Ordered on Mon, it’s not getting here until Fri @AmazonHelp",1477555,,1477556.0
2306325,342791,True,Thu Oct 19 21:19:47 +0000 2017,@AmazonHelp They said sorry “it will be delivered tomorrow”. That is too late. I just can’t count on Amazon anymore. It’s easier just to buy in sore now,,2306324.0,2306328.0
2580511,315349,True,Thu Nov 16 21:52:12 +0000 2017,"Hey @AmazonHelp in the last two weeks, 4 of my 6 prime shipping orders have had shipping delays by @115817 . May want to look into service levels...especially ahead of the holidays.  Diminishes value of Amazon Prime!",2580510,,2580511.0
441881,172598,True,Wed Oct 11 10:26:23 +0000 2017,"@AmazonHelp @115850 #Fake_promises again
now your phone helpline #Liars disconnecting my call every time 😡
42inch tv ka piche yeh likha hota hain kya https://t.co/T9XWyTuiUB","441879,441889",441890.0,441891.0
590827,259755,True,Sun Dec 03 16:52:49 +0000 2017,"Hi @AmazonHelp, whilst I appreciate your delivery people working on a Sunday, I don’t appreciate them leaving a package poking out of my letterbox that is a) able to be nicked by anyone, and b) advertising that no one was in. https://t.co/jiUKTbfvyj",590826,,590827.0
343842,197813,True,Wed Nov 08 14:16:31 +0000 2017,@AmazonHelp I feel like not to order from @115850 better to look for options.,,343840.0,343872.0
465823,225832,True,Fri Dec 01 04:23:53 +0000 2017,"Amazonプライムの特典でプリズンブレイク見直してるけどやっぱり最高に面白いなぁ～♪
面白すぎて寝られない((((;゜Д゜)))",465822,,465823.0
885486,330258,True,Fri Oct 13 17:28:25 +0000 2017,"@AmazonHelp One of your teams told me to change my address to get delivered to, and lied in email telling me it would be here today. It's not.",885488,885485.0,885487.0
2562142,727122,True,Thu Nov 16 17:37:50 +0000 2017,"@AmazonHelp Bonsoir, pas de nouvelle de 2 colis, N° DE COMMANDE
404-3408870-1315507 // N° DE COMMANDE
404-0234117-9246710, mrci de m'aider au + vite",2562140,,2562142.0
2828829,787796,True,Mon Nov 27 15:12:04 +0000 2017,"@AmazonHelp I don’t know as since starting the return process I can no longer track it myself.
I just want my money back for the item I never received. I don’t understand why this is so difficult.",,2828828.0,2828825.0
2888150,800855,True,Tue Nov 28 13:39:40 +0000 2017,"@AmazonHelp En el menú de mi televisor Samsung, dentro de la app de Prime Vídeo, solo está disponible la serie en inglés y con subtítulos en inglés",,2888149.0,2888151.0
179485,158277,True,Wed Oct 04 09:49:09 +0000 2017,"@AmazonHelp Et voici votre lien :) (jai mis un moment avant de retrouver)
 https://t.co/HNu5YnUXNv",179483,179487.0,179488.0
86102,134797,True,Thu Nov 30 14:27:10 +0000 2017,@AmazonHelp I appreciate you amazon help,,86101.0,86103.0
2722153,763718,True,Sun Nov 26 23:17:48 +0000 2017,What’s more fun than a sick baby? When someone steals your @115821 diaper delivery.,2722152,,2722153.0
1841000,538161,True,Thu Oct 19 00:53:55 +0000 2017,@UPSHelp Received a follow up phone call from sky at the local @115817 &amp; they did recover my package.. yay!!!  🤗🤗,,1840998.0,1791649.0
1569524,484115,True,Sat Nov 04 17:06:31 +0000 2017,"@AmazonHelp yeah the tracking says ""package was left in a parcel locker"", even looked at the USPS tracking and it says the same with my town name",1569526,1569523.0,1569525.0
169560,155486,True,Fri Nov 24 21:36:38 +0000 2017,"@AmazonHelp Supposed to be here today (1 a present for tomorrow) tracked it, told it had missed delivery and to advise Amazon if not here by Wednesday!",169562,169559.0,169561.0
745048,298107,True,Wed Oct 11 16:23:19 +0000 2017,"@AmazonHelp Uninstalled/installed it twice. Same problem. Works perfectly on IPad and android, just not on my laptop. Very frustrating.",745047,745049.0,745052.0
564965,252360,True,Sun Dec 03 00:07:59 +0000 2017,"Amazonから届きました
                             (*´艸`*)(笑)
名前は小春と名付けました
                              (・∀・)ﾆﾔﾆﾔ(笑)
 #猫部 #小春 https://t.co/caf0vZ4QDq",564963,,564965.0
2819200,785814,True,Mon Nov 27 07:21:31 +0000 2017,"@AmazonHelp I am concerned about delivery of the phone I ordered asap, else you are to initiate refund of the same with immediate effect. The delay caused in delivering the product due to the negligence of your courier services or for whatever reasons should not be saddled on the customer.",,2819198.0,2819197.0
1001964,357176,True,Sun Oct 22 18:51:22 +0000 2017,"@AmazonHelp Bummer, would be a great feature for Amazon Fresh",,1001963.0,1001965.0
2841904,124066,True,Mon Nov 27 16:43:36 +0000 2017,@AmazonHelp @115830 Been lied to and now ignored. Thanks for nothing @115830 @AmazonHelp,2841902,2841908.0,2841908.0
1955828,580474,True,Wed Oct 18 16:49:12 +0000 2017,"@115830 @115830 same street number and road, different postcode. Can I keep this third one? Just left by your driver so I couldn't refuse it.",1955827,1955829.0,1955829.0
2322234,672643,True,Mon Nov 13 13:43:48 +0000 2017,"@135788 @218502 @84388 @128305 @120844 @134046 @109335 @109336 @377108  Amazon Just replying us that we had delivered right product we are not responsible for this and no refunds. How can we get justice? @115850
#Amazon #Daylight_Theft https://t.co/HlMYedG03d",2322233,,2322234.0
1782776,535624,True,Wed Oct 11 01:14:35 +0000 2017,"大変だ〜、SMSでアマゾンから未納の連絡が来たぞー
これは電話しないとー ( ◠‿◠ ) https://t.co/IaKbDJtjVH",1782775,,1782776.0
1667789,507941,True,Mon Nov 06 11:41:20 +0000 2017,"Amazonさんから届きました。イケイケのまめたです。
#Amazon https://t.co/VhttusK58C",1667788,,1667789.0
1634128,499918,True,Sun Nov 05 20:21:20 +0000 2017,@AmazonHelp Between what times are UK parcels delivered (guaranteed delivery)?,1634127,,1634128.0
922655,337239,True,Sat Oct 21 13:26:23 +0000 2017,@AmazonHelp If I could find a number and wasn’t taken around in circles again and again by your site I’d absolutely love to speak to an agent. 😍😍,922654,922656.0,914797.0
2301880,255943,True,Sun Nov 12 18:58:25 +0000 2017,@AmazonHelp I've managed to find a drop off stop just waiting for my code to arrive as an email,,2301879.0,2301878.0
2973758,790890,True,Thu Nov 30 02:17:32 +0000 2017,"OMG!! I swear I am canceling my Prime account, so many problems this year! @115821 you shorted me 2 hatchimal key chains. It was supposed to be a 3 pack but I only got 1. Do I need to send it back so you can send me 3 or how does this work. #BrickAndMortarForNowOn",2973757,,2973758.0
2184786,116935,True,Thu Nov 09 17:16:30 +0000 2017,"@639890 I'm sorry you're missing some of your music on your playlists! We're here to help! Are the songs missing entirely, or are they grayed out and you can't select them? You can learn more about missing music here: https://t.co/xV8KtHAYkP ^ME",2184785,2184787.0,2184787.0
2360539,681675,True,Mon Nov 13 20:38:11 +0000 2017,@AmazonHelp this is why I pay for prime? To get something in 8 days? https://t.co/0JFjUnMO3l,2360538,,2360539.0
2866066,796042,True,Tue Nov 28 00:30:09 +0000 2017,"なんかAmazonから変なメール届いたけど登録料金未納ってなんですかね〜？
まぁ十中八九詐欺なんだろうけど https://t.co/T4cSFsqwSf",2866065,,2866066.0
612707,219317,True,Wed Nov 22 13:29:13 +0000 2017,"@116928 hola, quiero pedir el reembolso del dinero por un producto que no me ha llegado. Gracias",612706,,612707.0
1489125,322498,True,Fri Nov 03 08:38:34 +0000 2017,@115830 Amazon Seller disbursement hasn’t been paid into my account today? Why not? Now received a different email?,1489123,,1489125.0
529068,242506,True,Sat Dec 02 09:27:22 +0000 2017,@AmazonHelp I’ve cancelled it and reordered. Assume it was lost. Better to be upfront with customers than to keep them guessing and disappoint them.,,529067.0,529071.0
1240501,410969,True,Mon Nov 13 07:43:51 +0000 2017,@AmazonHelp it been 4 days there is no proper update how long will it take?,1240503,1240500.0,1240502.0
2633050,743447,True,Fri Nov 17 18:09:05 +0000 2017,"@116875 ¿se puede usar la promo de desc. de $100 de AmazonCash junto con la promo ""BUENFIN2017""en un solo pedido mayor a $2500?? Gracias",2633049,,2633050.0
2837027,789619,True,Mon Nov 27 15:13:30 +0000 2017,I love @115821 they're the shiz nits!,2837026,,2837027.0
131673,145695,True,Fri Nov 24 07:16:37 +0000 2017,"Bonjour, j’ai commandé un livre sur Amazon et mon compte n’a toujours pas été débité, signifiant donc que la commande n’est toujours pas envoyée, je voudrais donc savoir quand est-ce que mon compte sera débité pour que la commande ait enfin lieu svp merci.@AmazonHelp",131672,,131673.0
1410748,447894,True,Thu Nov 02 00:32:14 +0000 2017,"@AmazonHelp I have! Whenever I try to select a book/magazine from the Prime Reading section, i get sent to KindleUnlimited. Am I doing something wrong?",1410746,1410749.0,1410750.0
2578535,731038,True,Sun Nov 26 20:50:55 +0000 2017,Why as a @117795 customer do I now have to wait 3 days for delivery??,2578533,,2578535.0
226104,169979,True,Fri Oct 13 19:44:38 +0000 2017,@AmazonHelp It’s been 20 days since delivery but there is no solid update from @115850. How inefficient team does Amazon has in India.,"226105,226106",226103.0,226092.0
1728620,164808,True,Tue Nov 07 10:20:55 +0000 2017,@AmazonHelp I have replied ur email and give u last warning to you return my money immediately! You fuckers ! Buch of criminals!,,1728618.0,1728621.0
379389,206021,True,Mon Oct 09 06:45:02 +0000 2017,@120533 Encore une commande sans nouvelles depuis une semaine. Quand est-ce que vous allez prévoir un dédommagement sur Prime ?,379386,,379389.0
1110804,382164,True,Tue Oct 24 01:42:41 +0000 2017,@117086 espero que ces tenham umas promoções chuchuzinho na black friday,1110803,,1110804.0
2938613,812246,True,Tue Oct 31 19:52:15 +0000 2017,We got our treadmill from Amazon only to find out it's damaged...Can't fit the screw in!😡WHY?! https://t.co/Yappe9OG9W @AmazonHelp https://t.co/OP90lRwFaL,2938611,,2938613.0
1678602,510549,True,Mon Nov 06 14:58:56 +0000 2017,"@AmazonHelp My order is delivered till today, im keeping asking this to the customer care rep's, they arent answering at all",1678601,,1678602.0
2291465,665521,True,Sun Nov 12 13:55:36 +0000 2017,@AmazonHelp I have already raised the complaint and several times I have talked to customer care person but no response I have received,2291466,2291464.0,2291463.0
2252883,656309,True,Fri Nov 10 21:05:16 +0000 2017,@AmazonHelp And when logging into the link above it's saying I don't have an order at all.. https://t.co/94pmpeecIR,,2252882.0,2252885.0
2768328,774061,True,Tue Nov 21 11:18:14 +0000 2017,@AmazonHelp hi I’m having trouble with my kindle. My account is registered to home (co.uk) which shows up if I look on my online account but my actual kindle is set to .com and won’t let me do anything!,2768327,,2768328.0
465875,133238,True,Fri Dec 01 04:44:56 +0000 2017,"@AmazonHelp Please read previous note about 4+hours on the phone ... Been there, done that. You guys can't do anything to fix issues at the stations. I've documented this experience and will be sharing. @28758",465877,465874.0,465876.0
1741701,525436,True,Tue Nov 07 17:45:44 +0000 2017,@AmazonHelp No. the amount has been withdrawn twice.,,1741699.0,1741702.0
1405292,446706,True,Sat Oct 28 21:26:55 +0000 2017,@AmazonHelp They said that it would be here by 9pm guaranteed. I just had to contact them for the 4th time who said it will be here tomorrow guaranteed.,1405293,1405291.0,1405297.0
932294,341145,True,Sat Oct 21 15:18:52 +0000 2017,"@AmazonHelp Hi, I've received a reply and my access has been restored, but the account specialist has deleted 2 outstanding orders",,932291.0,932290.0
1929432,574155,True,Wed Oct 18 15:12:31 +0000 2017,@115821 love that this #bath bomb advent #calendar had someone so desperate for a #wash they stole day 18 !!! https://t.co/tTd3bVBuFN,1929430,,1929432.0
1724886,521699,True,Fri Oct 27 05:18:47 +0000 2017,@521698 @AmazonHelp They will fuck ur Wife or Mother-in-Law too!,1724887,1724885.0,1246368.0
316464,191566,True,Sat Oct 07 10:47:00 +0000 2017,@AmazonHelp Do you need my registered email?,316465,316463.0,316468.0
2918662,119474,True,Wed Nov 29 00:30:12 +0000 2017,@115821 what’s the correct thing to do when AMZNL drops off a package that’s not for me?,2918659,,2918662.0
44537,125880,True,Sat Nov 04 02:27:57 +0000 2017,@AmazonHelp Hola! Intento usar mi cuenta Amazon Prime de UK pero ninguna pelicula funciona. Cómo actualizo la región y/o peliculas disponibles en Mx?,44538,44536.0,35857.0
2890538,309261,True,Tue Nov 28 14:11:52 +0000 2017,@AmazonHelp why is nothing available for next day delivery anymore using prime?,2890537,,2890538.0
458964,223998,True,Fri Dec 01 01:23:43 +0000 2017,@AmazonHelp Suppose to receive today.,458969,458962.0,458972.0
297939,186977,True,Fri Oct 06 19:16:45 +0000 2017,@AmazonHelp I am conscious about a delivery that is due today. My reason for checking is the last 2 orders I’ve placed wth same day delivery has failed,297938,297940.0,297942.0
395365,169172,True,Fri Nov 10 18:52:16 +0000 2017,@AmazonHelp @115830 @115851 444th day requesting any kind of response,395366,395364.0,395394.0
2437718,137142,True,Sun Oct 29 15:29:58 +0000 2017,@AmazonHelp Very annoyed your logistics contractors messed up again an order and my package was stolen/missing as a result of it.,2437716,,2437718.0
2786261,446110,True,Tue Nov 21 18:48:46 +0000 2017,Hi @AmazonHelp @115830 would someone be able to help with a delivery issue regarding my order please?,2786259,,2786261.0
225532,169873,True,Thu Oct 05 05:49:33 +0000 2017,"Hey @115850 marketing price is 20,548 and and final price for same product gets to 29,500 + Delivery Charges ?? What's going on ? https://t.co/lyhG6OZp3X",225531,,225532.0
1124523,368025,True,Tue Oct 24 09:24:13 +0000 2017,@AmazonHelp @149087 please help me,,1124521.0,1124530.0
2376169,685378,True,Wed Nov 15 02:39:24 +0000 2017,I'm so disappointed the box isn't covered with stickers documenting its world travels. https://t.co/YrwP33E9dx,2449425,2376167.0,2376167.0
1262614,190898,True,Thu Oct 26 11:15:02 +0000 2017,@AmazonHelp @2517 @37259 @144151 u should also expose frauds done by companies like @115850 in DNA.,,1262612.0,1260789.0
2939154,138484,True,Wed Nov 29 15:29:44 +0000 2017,@UPSHelp Wait that is NOT? On the truck for delivery?,,2939151.0,2939157.0
454616,222885,True,Tue Nov 28 23:26:53 +0000 2017,Awesome! Warcraft blue ray came in the mail aaaaand there was nothing in it. Cool. GG @115821. -_- https://t.co/1gx1ySjp4P,454615,,454616.0
2322602,673004,True,Thu Oct 19 23:57:38 +0000 2017,Finally got my screen protector for my S8+ from @115821 but unfortunately it was completely destroyed and ripped to pieces. @AmazonHelp https://t.co/8sAoabWo4T,"2322603,2322600",,2322602.0
58100,129191,True,Wed Nov 01 20:20:47 +0000 2017,@118706 @115821 This is the 2nd Time i received Opened package some1 ripped open my package. Thats disgusting,58099,,58100.0
1488798,465798,True,Fri Nov 03 10:42:49 +0000 2017,@AmazonHelp I want my refund immediately now.I have juat received another sms that it won't be delivered today as well. #PoorServiceByAmazon,1488794,1488799.0,1488800.0
825491,286679,True,Fri Oct 13 00:58:48 +0000 2017,"@AmazonHelp Regarding a ""trend"" well it's really random. I never know when (or if) I'll be receiving them. Order (111-9642793-7556240) never made it.",,825488.0,825494.0
2278699,368030,True,Sun Nov 12 04:37:12 +0000 2017,@AmazonHelp I haven't got any email I'd regarding the same and hence I'm writing this to you,2278700,2278698.0,2278697.0
2885619,800360,True,Tue Nov 28 12:14:16 +0000 2017,"@AmazonHelp I can't use the Pass my Parcel service. I requested collect+ and an agent told me and gave me information about sending it through collect+. After going in store (the store I'm the manager of, by the may) there is no way to send collect+ parcels without a collect+ barcode. (1/2)",2885621,2885617.0,2885620.0
1013065,359716,True,Mon Oct 23 05:29:48 +0000 2017,@AmazonHelp Kindly share contact no as the website is not helping to relate my issue,1013067,1013064.0,1013066.0
616957,169191,True,Wed Nov 22 16:40:40 +0000 2017,@AmazonHelp How many times do you want customers provide same info? Are you selling info or goods/ materials???? Too much harassment #BadCustomerService,616959,616956.0,616967.0
1208407,403726,True,Wed Oct 25 10:23:48 +0000 2017,@AmazonHelp You are cheap,,1208403.0,1208401.0
2418446,694888,True,Tue Nov 14 17:10:37 +0000 2017,@AmazonHelp I went to cancel my Amazon Prime membership as my free trial has expired &amp; was offered another 30 days free. Will this commit me to an annual membership or can I cancel again after the trial if I want to? Thanks!,2418444,,2418446.0
442879,219975,True,Wed Nov 22 09:04:12 +0000 2017,@AmazonHelp I have already placed request for the same.. I want refund first. I am highly disappointed with Amazon. Ready to return but refund first.,442877,442887.0,442888.0
622399,267734,True,Wed Nov 22 17:39:45 +0000 2017,"@115821 Hello wet is my shipment 
447206151981",622397,,622399.0
2642569,745680,True,Tue Oct 31 02:11:20 +0000 2017,@AmazonHelp Pela transportadora péssima de vocês! Isso tem acontecido com frequencia! Nao quero perder os preços que paguei pelos produtos na pre venda!,,2642568.0,2642571.0
111765,140827,True,Thu Nov 23 20:31:15 +0000 2017,@115830 Not happy my new computer case (which I paid for to be delivered today) can be dispatched twice and still not arrive! :(,111763,,111765.0
1615508,495477,True,Sun Nov 05 13:24:31 +0000 2017,Didn't receive prime subscription with #echodot order id 405-6016617-8745100 :( @AmazonHelp @115850,"1615507,1615509",,1615508.0
2510910,715703,True,Mon Oct 30 13:28:29 +0000 2017,@AmazonHelp Liebes Amazon Deutschland... ich weiss ..in Deutschland klappt das...bei Amazon.ca leider nicht....die haben es erst am 29. losgeschickt,2510912,2510909.0,2510911.0
2358949,249432,True,Mon Nov 13 20:12:27 +0000 2017,@AmazonHelp All set. Should be here by 8 pm. Still need more options for instructions on how to leave package.,2358951,2358948.0,2358953.0
2622503,740907,True,Fri Nov 17 18:29:20 +0000 2017,"@AmazonHelp Absolutely, would love to get this resolved. Thank you!",2622504,2622502.0,2622501.0
2249747,304415,True,Thu Oct 19 17:34:58 +0000 2017,@AmazonHelp I had a S&amp;S that said it was delivered yesterday but it wasn't. The pic from the delivery isn't my front door...,2249745,,2249747.0
1598672,185876,True,Tue Oct 17 09:46:54 +0000 2017,@AmazonHelp No. I directly wrote to you here on Twitter. Can you help? Or you want me to contact that page first?,1598673,1598671.0,1598669.0
1423545,450796,True,Thu Nov 02 11:24:36 +0000 2017,@AmazonHelp Acabo en el mismo sitio. Alguien podria tomarse en serio mi devolución por favor? Cuando respondí el email a,,1423544.0,1423542.0
439741,219388,True,Wed Oct 11 10:15:52 +0000 2017,"@115850 I want more details about a product. 
Your chat facility is not available. Need help.",439740,,439741.0
356748,200708,True,Sun Oct 08 15:23:35 +0000 2017,@AmazonHelp Detail submitted now pls do the needful asap,356749,356746.0,356745.0
2396376,385290,True,Sun Nov 26 17:28:02 +0000 2017,"@115825 Wird es die neuen Staffeln von #victorious und #lucifer auf @115825 geben? Und wenn ja, ab wann?",2396375,,2396376.0
2573841,729902,True,Thu Nov 16 21:57:48 +0000 2017,@AmazonHelp You embarrassed the military with your limited service. Especially service that was paid with the ultimate sacrifice. But you obviously are liberals who give 2 shits about us soldiers. The good news is that HBO is showing this movie without any screwups like Amazon provides later,,2573840.0,2573839.0
36518,123963,True,Wed Nov 01 14:40:12 +0000 2017,"@AmazonHelp When I am getting call,  call is getting disconnected addressing that product not recognized",36522,36517.0,36561.0
474392,227903,True,Fri Dec 01 09:45:21 +0000 2017,"@AmazonHelp Why won’t @115833 recognise multiple  @118117 speakers as a group under a group name ? Individually they’re fine, but not as a group. Can you fix this please.",474391,,474392.0
1723853,135116,True,Thu Nov 09 03:25:50 +0000 2017,@AmazonHelp What the hell is this now ur delivery boy done what he want to do never hoped for such a delivery and services finally done notng https://t.co/jdp0rj45l3,1723854,1723852.0,1723848.0
218036,158716,True,Thu Oct 05 19:46:48 +0000 2017,@AmazonHelp Amazon logistics.,218037,218035.0,218044.0
476172,228188,True,Fri Dec 01 10:49:29 +0000 2017,"Always cares about customers, have had an amazing experience with @115850  especially its customer service..!! 😊😊",476171,,476172.0
858702,323889,True,Fri Oct 13 14:06:06 +0000 2017,@115821 how you gonna give me a shipping estimate of next week when I pay for 1 day delivery,858701,,858702.0
2434619,562337,True,Sun Oct 29 13:44:23 +0000 2017,"@AmazonHelp If i pre ordered codww2 today, would it still arrive in time for release day on Friday?",2434618,,2434619.0
1315918,427410,True,Mon Oct 16 12:08:01 +0000 2017,"@AmazonHelp I have already, for all 3 times. All I get is ""we'll file a complain"" - complaints that clearly don't rectify how Amazon Logistics operates",1315919,1315917.0,1315915.0
1160616,393053,True,Tue Oct 24 17:19:15 +0000 2017,@AmazonHelp Okay thanks.,,1160615.0,1160614.0
786525,197542,True,Thu Oct 12 09:28:04 +0000 2017,"@119625 
@116618
@AmazonHelp
As #Arjunreddy uncensored will be available tmrw
Can I knw the time of release nd runtime of movie?",786524,,786525.0
1779693,301883,True,Wed Oct 11 19:41:14 +0000 2017,"@AmazonHelp Vale ya está 👌 Espero que solucionéis esto, es vergonzoso lo que ha pasado estos días con @135806",1779694,1779691.0,1779695.0
1356295,436242,True,Fri Oct 27 20:39:44 +0000 2017,@AmazonHelp Ah ok...fare enough then. ..thanks for answering.,,1356294.0,1356291.0
2508014,715026,True,Thu Nov 16 05:24:37 +0000 2017,@AmazonHelp Spoke to sagari. Explained her the problem. I need the substitute speakers today itself. Please look into this immediately.,2508017,2508013.0,2508012.0
1535386,476105,True,Tue Oct 17 02:15:27 +0000 2017,once again cheated by @115821 @115850 408-9587619-9781162.item nt delivered widout reason.Do we really afford this?Is it a monopoly?,"1535385,1535387,1535388",,1535386.0
1245962,412295,True,Thu Oct 26 10:17:18 +0000 2017,@AmazonHelp Well that’s pretty inconvenient considering I ordered it through prime &amp; it was out delivery at noon yesterday.,1245965,1245961.0,1245964.0
1568181,483870,True,Sun Nov 05 11:09:11 +0000 2017,@AmazonHelp Hmm. Der 05.11 und es wurde nichts versendet. Hoffen wir mal das die Xbox One X heute versendet wird und pünktlich zum Release bei mir ankommt. Denn sonst wird es seeehr knapp,"1568183,1568184",1568180.0,1568182.0
1452397,457063,True,Thu Nov 02 17:54:00 +0000 2017,Hey @115821 or @AmazonHelp  - What's up with the website?  It won't open properly in either Firefox or Chrome - lots of text w/funky layout,"1452395,1452401",,1452397.0
2885057,800251,True,Mon Nov 13 21:41:58 +0000 2017,The amazon delivery guy just banged on my door so fucking loud I got so scared omg,2885056,,2885057.0
844118,614718,True,Thu Oct 19 02:29:13 +0000 2017,@117086 KD as bikes e acessórios?,2078439,844097.0,844097.0
1804439,542164,True,Fri Oct 13 16:52:58 +0000 2017,"@116875 tienen la mejor atención al cliente, los amo! 😘",1804438,,1804439.0
1489149,120768,True,Fri Nov 03 08:34:27 +0000 2017,@AmazonHelp I needed this order today? Do I get my money back for paying an extra like 40€ for priority shipping and it wasn't a priority?,1489147,1489155.0,1489156.0
2814471,475289,True,Mon Nov 27 02:23:31 +0000 2017,Why bother offering same day Prime delivery in New York when you never deliver on the expected day @AmazonHelp 🤔 https://t.co/jketCswXqk,2814470,,2814471.0
2459928,704442,True,Wed Nov 15 07:12:46 +0000 2017,@AmazonHelp Thank you. Do I have to be on a computer to do this? I can't find the option on my phone.,2459930,2459927.0,2459929.0
2468563,706254,True,Tue Nov 21 14:57:01 +0000 2017,"@AmazonHelp Só to acumulando ebooks, vou ter que dedicar dias da minha vida pra ler todos, minha coleção só aumenta mas estou feliz. Kindle mudou minha vida ❤",2468562,2468564.0,2468565.0
1495994,467337,True,Fri Nov 03 11:58:47 +0000 2017,"Se mai dovessi sposarmi non presenterò la lista di nozze, ma direttamente la lista desideri di #Amazon.",1495992,,1495994.0
1130582,330417,True,Tue Oct 24 12:20:53 +0000 2017,"@AmazonHelp And why did the person I called back on the 20th not able to tell me this, and said in the most extreme cases it would take 2 weeks to come?",,1130580.0,1129813.0
513563,238196,True,Sat Dec 02 00:09:29 +0000 2017,"@AmazonHelp Only design flaw with @117634 2017 Oasis is inability to follow text on device while listening to Audible audiobook. Love the large, evenly lit screen and its quick response to all requests (downloading, changing fonts, turning pages).",513567,513561.0,513566.0
1089219,166647,True,Sun Oct 15 02:39:31 +0000 2017,"Ugh, I hate that amazon has started using Amazon Logistics to deliver packages...so annoying, they don't want to leave the package on porch!",1089218,,1089219.0
2971988,819713,True,Thu Nov 30 02:55:02 +0000 2017,@AmazonHelp my latest message states: wait until Sunday and then ask for help. hopefully it won't take that long.,2971990,2971987.0,2971989.0
596822,261475,True,Sun Dec 03 20:23:10 +0000 2017,@AmazonHelp I order today when should I expect delivery,596824,596821.0,596823.0
65859,131064,True,Thu Nov 30 08:36:09 +0000 2017,"@AmazonHelp Amazon.de it says ""delivered"" in the website but the carrier it's still ""on its way to the distribution center"", but for 2 days it showed ""out for delivery"" in the carrier. I spent those 2 days at home so I could receive it but it never arrived.",65857,65860.0,65861.0
19175,695238,True,Sun Oct 29 13:07:11 +0000 2017,@115850 I am getting very late deliverys,2420202,19137.0,19137.0
295280,171144,True,Fri Oct 06 18:21:41 +0000 2017,@AmazonHelp Snif. La tristesse m'envahie mais mon amour est plus fort !,295281,295279.0,295278.0
2471700,706889,True,Wed Nov 15 11:57:47 +0000 2017,"@AmazonHelp Wtf amazon it's 5 AM mountain time. Go to bed.

Or good morning I guess. Either one.",,2471699.0,2471701.0
590016,250041,True,Sun Dec 03 16:48:03 +0000 2017,@AmazonHelp Re read what I said? This is why I wasted over an hour with support last time. You don’t read and/or give a toss. I have no issues taking my shopping else where. I refuse to waste more time repeating myself to try and get someone there to simply understand. Over and out.,,590015.0,590018.0
67530,131420,True,Thu Nov 30 09:07:56 +0000 2017,@115821 @AmazonHelp I ordered 2 advent calendars on the 22/11 hoping 8 days is plenty of time. Not arrived. No info on when they'll arrive. I'll have two upset boys tomorrow. Thanks Amazon. Bang up job,67528,,67530.0
398306,627600,True,Wed Nov 08 20:18:37 +0000 2017,@Tesco Can I get a copy for pc too?,2132914,397889.0,397889.0
2772398,434829,True,Mon Nov 27 00:24:47 +0000 2017,@AmazonHelp Vou mandar por dm,2772396,2772399.0,2772400.0
2115562,623657,True,Wed Nov 08 16:15:45 +0000 2017,"@AmazonHelp Vielleicht mögt ihr eure Kunden beruhigen und aufklären, dass es Spam/eine Betrugsmasche ist. Nicht, dass noch einer seine Daten da eingibt. https://t.co/L0CNswL96E",2115561,,2115562.0
1673722,431434,True,Tue Nov 07 15:56:43 +0000 2017,"@115850 Guys, 2 days back to back. Status is Order delivered, only sms is Received..but Order ISN'T !
@115851  What's going on wid Amazon India?",1741674,1673720.0,1673720.0
2631387,632936,True,Fri Nov 17 18:28:44 +0000 2017,"Just seen @115821 driver throw package, I hope it wasn’t fragile",2631386,,2631387.0
2819205,785815,True,Mon Nov 27 05:31:36 +0000 2017,amazon logistics is the WORST shipping  company in the world. I've had nothing but awful experiences. never did I think I'd say I no longer want to shop @115821 but I think I'm reaching that point,2819204,,2819205.0
2526218,719309,True,Thu Nov 16 04:01:40 +0000 2017,@AmazonHelp  been trying for a few days to get acknowledgement that I cannot set a delivery address on my wish lists.  No response at all. =(,2526216,,2526218.0
297368,186828,True,Fri Oct 06 18:52:41 +0000 2017,@AmazonHelp what is the latest time you deliver? Been waiting for a package all day and just wondering when it might come? Thank you,297366,,297368.0
2349833,679213,True,Mon Oct 30 04:16:32 +0000 2017,@AmazonHelp 20 days to deliver an order. Your apologies are doesn't fill the gap. Upset with your service. Your competitors are far better.,2349836,2349831.0,2349834.0
1721601,359114,True,Tue Oct 17 18:35:06 +0000 2017,"@AmazonHelp Amazon sale and I’m prime. Failed delivery to my work which I know was open. And nothin since, no re-attempt to deliver",1721603,1721600.0,1721602.0
2670045,751951,True,Sun Nov 19 11:30:04 +0000 2017,"Amazon musicというサービスを、Amazonプライム会員なら使えるよ！ということを、福岡のブログ生徒さんに教えてもらいました😊

作業中の音楽はApplemusic使ってたんですが、Amazon musicめっちゃ便利！プライム会員なら無料です✌️

作業BGMも充実していて最高なコスパ。 https://t.co/Zg4cbLdpqt",2670044,,2670045.0
2205178,644775,True,Thu Nov 09 22:03:14 +0000 2017,@115821 been waiting outside for 2 hours waiting for a driver who is apparently on his way. Not cool https://t.co/VrERRuFjR4,2205177,,2205178.0
1953432,579940,True,Thu Nov 16 11:50:49 +0000 2017,"@AmazonHelp No I have twice tried to order peppa pig school set the large one and twice I have been sent the wrong one the smaller  order number is  
026-7117810-5209111. I wouldn't mind so much but now I won't get the correct item I wanted . To top it off my latest email encouraged me to",,1953431.0,1953436.0
2483732,648648,True,Mon Oct 30 00:27:14 +0000 2017,@AmazonHelp No. 8 Recharged,2483736,2483730.0,2483733.0
114434,141438,True,Thu Nov 23 20:56:43 +0000 2017,@AmazonHelp thank you for loosing my bottle of whisky! Please explain how your drivers could not find my house exactly??,114432,,114434.0
2535318,643159,True,Thu Nov 16 09:08:34 +0000 2017,@AmazonHelp 回答ありがとうございました！助かります,2535319,2198872.0,2198871.0
2139829,629300,True,Wed Nov 08 21:56:17 +0000 2017,A third party seller on @116316 claims to have @629301 Blu-rays in stock. Either it's a trap or someone's selling screeners. Either way wrong. https://t.co/wWz43JvCyF,2139828,,2139829.0
795177,309587,True,Sun Oct 15 21:07:56 +0000 2017,"@AmazonHelp U ppl hv nt respnonded since last 3 days nd when i enquire, u r jst playing the records of ""get in touch soon"" i hv nt recvd a single call.",,795174.0,795160.0
2671153,752197,True,Tue Oct 31 09:34:26 +0000 2017,Received it two days ago@Nawazuddin_S bhai.It's all about the journey you have crossed behind. Couldn't flip much cauz of exams. Bt 'll lv t https://t.co/d5r0SI6oRg,2671151,,2671153.0
226406,170045,True,Tue Sep 12 08:55:44 +0000 2017,@AmazonHelp Chat function was not available. I sent an email using the mailing facility on the link in your previous message.,226405,226407.0,226418.0
2135613,628291,True,Wed Nov 08 17:37:35 +0000 2017,@115821 Calling the # back gives a message to use the PrimeNow app to contact the courier. Download and sign in. My orders aren't listed. I updated the order online AGAIN with the door code but there is no update on when it's going to be redelivered. @115821 @117795 @AmazonHelp,2135612,2135614.0,2135614.0
719910,292294,True,Wed Oct 11 01:11:47 +0000 2017,@115821 Order # 111-3429688-3628242. Attempted to deliver a broken bottle. Refused to accept. Phone Customer Support does not care.,719908,,719910.0
304416,188700,True,Sat Oct 07 21:36:45 +0000 2017,@AmazonHelp Did that but there's no way to attach screenshot in the form so same thing going to repeat. Same message still being displayed - https://t.co/311kKb4YW1,304417,304415.0,304431.0
743307,297735,True,Wed Oct 11 15:42:57 +0000 2017,I just had an @115821 package delivered by someone in their personal car. Is that a thing?,743305,,743307.0
1423538,123157,True,Mon Nov 06 19:25:57 +0000 2017,@AmazonHelp Done .. thanks ..,,1423537.0,32310.0
1603738,492153,True,Sun Nov 05 07:54:39 +0000 2017,"Unable to reddem gift vouchers. Help. . ?

@115850 @AmazonHelp",1603736,,1603738.0
1301840,424243,True,Fri Oct 27 00:37:38 +0000 2017,@424242 @AmazonHelp Yay Amazon! 🤘🏻,,1301838.0,1301839.0
1079388,374607,True,Mon Oct 16 15:49:30 +0000 2017,@AmazonHelp You are just making the excuse nothing else.,,1079386.0,1079369.0
180738,158480,True,Wed Oct 04 12:22:14 +0000 2017,@AmazonHelp フィットネスクラブのwifiで見ようとしていますがエラーになります。他の日には見れていて、今でも他のサービスの接続は問題ないようです。 https://t.co/40vIbAnqVm,180737,180739.0,180740.0
2220005,648452,True,Sat Nov 11 19:50:22 +0000 2017,@AmazonHelp Fiz o procedimento todo pelo site mas não obtive resposta. Foda.,2220006,2220004.0,2220001.0
2418641,441602,True,Tue Nov 14 17:54:50 +0000 2017,"@115830 my package is listed on tracking as delivered at 3.01pm. I’ve been in all afternoon and heard nothing, but also have no package or card advising where the package is.... can you advise please?",2418639,,2418641.0
1494231,466963,True,Fri Nov 03 11:07:54 +0000 2017,Hey @115850 pls allow cod for products of 30k or above... It's very difficult for those whose  ATM card limit is 25k. Pls☺,1494230,,1494231.0
1722500,127217,True,Tue Nov 07 07:54:58 +0000 2017,@115833 @126972 My Amazon Echo plus return initiated within 24 hours. Do you have some in house quality check on speakers? Never heard such worst speaker,1722498,1722501.0,1722501.0
1309580,426044,True,Fri Oct 27 11:45:27 +0000 2017,"@AmazonHelp Please arrange a call 180030009009 automatically ended.
My no 9609328324.","1309584,1309585",1309578.0,1309581.0
735708,295992,True,Sat Oct 28 19:06:27 +0000 2017,@AmazonHelp Means 14 days I hv to wait. So wat is use now. How u hv returned my order without intimating me,"1400602,1400603",735706.0,735712.0
792669,170991,True,Thu Oct 12 13:19:26 +0000 2017,"@119625 Please add the Two Epics of India
Ramayan
Mahabharat
Made by BR Chopra",792668,,792669.0
1070008,372482,True,Mon Oct 23 16:00:05 +0000 2017,"@AmazonHelp Hey guys, have tried those steps. Carrier was Amazon Logistics, so not able to find out much more than what shows on the order page",1070010,1070007.0,1070009.0
1876310,123160,True,Fri Dec 01 11:36:32 +0000 2017,Jetzt neu bei @AmazonHelp: Zustellung mitten in der Nacht? 😉 https://t.co/92Lt4CzJGR,1876309,,1876310.0
422453,215618,True,Tue Oct 10 10:01:11 +0000 2017,@AmazonHelp I have already done that since 2 days numerous calls no solution . I want to buy better phone than this. I'm giving you more money .,422455,422451.0,422454.0
1873885,559457,True,Fri Oct 20 09:01:25 +0000 2017,@AmazonHelp what? For the sixth time? You have my details in all five previous communications but you seem incapable of doing  anything.,,1873882.0,1873867.0
2773064,383095,True,Tue Nov 21 14:27:15 +0000 2017,"@AmazonHelp Bah j'aimerais faire une annulation de commande. Mais pour aller plus vite que passer par le site, vous pouvez le faire avec le numéro de commande ? Étant donner qu'elle est déjà en préparation la commande",2773066,2773063.0,2773065.0
656046,276068,True,Thu Nov 23 14:23:23 +0000 2017,@AmazonHelp It doesn't allow me to write an email or explain the issue. Can you send me an email to contact the amazon head office?,656047,656045.0,656044.0
646749,273600,True,Wed Nov 22 18:39:49 +0000 2017,"Crazy amount of packaging @115821 for one small, flat item 😤 #amazonpackagingnightmare https://t.co/IKECCqDC3L",646748,,646749.0
2306251,669073,True,Thu Oct 19 21:28:29 +0000 2017,"@AmazonHelp Or I cancel my prime and never use you again, it's delivered tomorrow and my son will be distraught that I'm going to refuse it. #ripoff",,2306250.0,2306252.0
538611,244872,True,Sat Dec 02 14:11:54 +0000 2017,como faz pra parar a @117086 de me roubar 1 real todo mês do meu cartão?,538609,,538611.0
1273443,418076,True,Thu Oct 26 14:51:57 +0000 2017,"@120533 Bjr, peut-on enfin offrir un ebook Kindle sans passer par la carte cadeaux? Cela afin d'offrir un livre bien précis &amp; rien d'autre https://t.co/OkvA25kiET",1273441,,1273443.0
2602293,736494,True,Fri Nov 17 08:19:02 +0000 2017,"Hi @120533  pourriez-vous, svp, mettre à jour la page correspondante sur votre site (notamment nom du médaillon) ?

Merci https://t.co/VUZWhFVaVh",2602292,,2602293.0
1415216,448877,True,Thu Nov 02 02:43:51 +0000 2017,@AmazonHelp  https://t.co/SJg0mKKRFa,,1415215.0,1415219.0
2709919,760948,True,Mon Nov 20 01:38:29 +0000 2017,"@AmazonHelp It finally got here, 20 min late &amp; it’s missing food 😡",2709918,2709920.0,2709921.0
1038898,365809,True,Sat Oct 14 20:02:19 +0000 2017,@AmazonHelp Still not appeared 🙃🙃,1038899,1038897.0,1038902.0
2419873,695172,True,Sat Nov 25 21:58:39 +0000 2017,"@695171 @115821 Ugh! That’s so frustrating! That sounds so helpful, why would they get rid of it 😫",2419872,2419874.0,2419879.0
2073954,613390,True,Wed Nov 08 17:14:41 +0000 2017,@AmazonHelp ....and waiting... https://t.co/RLD7DdmN9B,,2073953.0,2073956.0
1279814,419465,True,Thu Oct 26 16:52:55 +0000 2017,"@AmazonHelp App says arriving today, no sign and my post isnt delivered direct from Inverness, all parcels for us go via sub PO. https://t.co/GH8ypEjnW8",1279816,1279813.0,1279815.0
1467714,131071,True,Fri Nov 03 00:50:11 +0000 2017,@AmazonHelp welcome to Amazon https://t.co/B3KMd1Ae2d,1467718,1467710.0,1467721.0
77561,133281,True,Thu Nov 30 11:58:16 +0000 2017,"@115830 Also, how was the package left with someone who isn’t at home? I just knocked (2 mins after card was left) and no one is there. I will definitely be cancelling my Prime trial. Absolutely worthless.",77559,77562.0,77562.0
2277414,662281,True,Wed Apr 19 17:19:42 +0000 2017,"Hi @115850 , long time no chit chat !! You angry brooo? 🤔",2277412,,2277414.0
2142432,629932,True,Thu Oct 19 09:15:29 +0000 2017,"お母さんから電話来てAmazonから変なのきたって、メール？みたいな詐欺？
私がAmazonやってるか言われたけどそもそもアプリ入れてへんし、県外からくるのは何って言われたけどAmazon関係ないって言った。
何なんだろうね？",2142431,,2142432.0
2723354,763954,True,Mon Nov 20 11:10:40 +0000 2017,amazonesから支払い番号がまだ来ない,2723353,,2723354.0
1403514,446306,True,Mon Oct 16 17:07:05 +0000 2017,"@AmazonHelp Contacted and guess what, I got reassurance but not my stuff #subPrime","1403516,1403517",1403513.0,1403515.0
421882,215498,True,Tue Oct 10 09:31:02 +0000 2017,@AmazonHelp No. It just says: Now expected on 26th October instead of 9th October.,"421884,421885",421881.0,421883.0
1413379,448461,True,Sat Oct 28 19:28:39 +0000 2017,@116439 would love to provide you guys with some images for your new screensavers 😊,1413378,,1413379.0
1209517,403931,True,Wed Oct 25 10:54:46 +0000 2017,@115850 such a reckless response on my order. Never expected from Amazon!,1209515,,1209517.0
1071110,372759,True,Mon Oct 23 16:10:44 +0000 2017,@AmazonHelp But why. This has never happened. Like there are no drivers working today or something??,,1071109.0,1071112.0
351885,199692,True,Sun Oct 08 10:06:54 +0000 2017,Goal is to be so rich that i can buy all the books in my @115850 cart.,351884,,351885.0
2154038,632900,True,Mon Nov 20 16:18:23 +0000 2017,"@AmazonHelp Je vais faire ça, merci",2154037,2154039.0,2154042.0
1353743,435696,True,Mon Oct 16 14:07:51 +0000 2017,"Way bill no-  5180749930646
Customer care telling you will get it by evening. Will it come after midnight?. No contact details available at you.

Too bad service. Took Approx 10 days to arrive.. where other courier take 1-2 days only.. @215765  @12339  @AmazonHelp https://t.co/1bOjvVFBbi",1353742,,1353743.0
1382733,441802,True,Sun Oct 29 19:03:35 +0000 2017,@AmazonHelp Doesn't work folks ☹️ https://t.co/tYr6l5olUM,1382735,1382732.0,1382734.0
2710368,761043,True,Sun Nov 26 23:33:54 +0000 2017,@AmazonHelp Customer service is very well hidden on your site and the seller isn't answering,2710369,2710367.0,2710366.0
2578447,731014,True,Thu Nov 16 21:31:56 +0000 2017,"@AmazonHelp Hi guys, I've got an item I wish I return but I don't have the original packaging anymore, it got torn when I opened it, will this be a problem for returns if I repackage it myself?",2578446,,2578447.0
1718704,444669,True,Tue Nov 07 06:19:37 +0000 2017,@AmazonHelp 408-7381410-8288305 refund not yet given amazon must pay panality as 5 days passed for amount ₹699,"1718702,1718728,1718729",1718730.0,1718733.0
395064,169172,True,Fri Dec 23 18:04:46 +0000 2016,@AmazonHelp @115830 127th day requesting any kind of response,395065,395063.0,395394.0
2562046,727108,True,Thu Nov 16 17:59:10 +0000 2017,"Le service Prime d' @120533, vraiment plus ce que c'était..

Obligé de contacter 3x15 min le service client pour un simple chargeur ?

Entre livreur incompétent, vol de colis, et aucun geste commercial au final (pour 2 échecs de commandes). BRAVO.. 👏

#Amazon #Ecommerce",2562045,,2562046.0
1668887,442617,True,Mon Nov 06 12:14:00 +0000 2017,"Olá, @117086! Fiz um pedido em 03/11 e ainda não consegui realizar o pagamento. O site de vocês diz que redireciona pro banco e volta.",1668886,,1668887.0
562925,251773,True,Sat Dec 02 23:36:15 +0000 2017,@115821 your customer service policy is garbage and the ups driver almost certainly stole my package,562922,,562925.0
1138354,388137,True,Wed Nov 01 23:18:12 +0000 2017,@AmazonHelp No it doesn't.,1138357,1138353.0,1138356.0
2986479,823477,True,Thu Nov 30 07:46:53 +0000 2017,@AmazonHelp I’ve got the tracking and states delivery now between 30th Nov and 4th Dec !! Don’t offer next day service if it’s going to take 5 days!! #terriblecustomerservice,2986480,2986478.0,2986484.0
988115,354115,True,Sat Oct 14 11:58:07 +0000 2017,@AmazonHelp 9904708447,"988116,988117",988114.0,988110.0
2400905,389124,True,Fri Oct 20 12:50:49 +0000 2017,@690796 @AmazonHelp Der dann aber fairerweise keine Antwort triggern sollte :D,"2400903,2400911",2400912.0,2400916.0
2870680,797120,True,Tue Nov 28 02:39:40 +0000 2017,"@AmazonHelp My account has been hacked and charged multiple times and even with customer service coming in to reset the account, it continues to happen.",,2870679.0,2870682.0
138177,147125,True,Fri Nov 24 10:35:25 +0000 2017,@AmazonHelp Hab ich auch schon probiert und @7955 hat es am Rechner versucht. Nicht bestellbar…,138179,138175.0,138195.0
2752433,770540,True,Tue Oct 31 18:24:41 +0000 2017,"When the @115821 delivery driver leaves your parcel with a neighbour but puts your house number on the card, so you've no idea where it is 🙈",2752431,,2752433.0
1937632,576406,True,Sun Nov 12 01:10:22 +0000 2017,@AmazonHelp amigos les acabo de enviar un mensaje 😏,1937631,,1937632.0
162140,153430,True,Sat Nov 25 06:44:05 +0000 2017,@AmazonHelp Ok I ordered again when it will be shipped???,162142,162139.0,162141.0
580534,133261,True,Tue Nov 28 16:30:03 +0000 2017,"@115850 @132994 
Why no  extra 3K for mobile exchange like it was there for #OnePlus5  ?
Any upcoming possibility ?",580533,,580534.0
167885,155060,True,Fri Nov 24 21:23:19 +0000 2017,"@AmazonHelp Poxa, acabei de ver a estimativa: fevereiro/2018. Quando fiz a compra, a estimativa era pra novembro/2017... Sacanagem :(",,167884.0,167890.0
176353,138674,True,Sat Nov 25 00:59:32 +0000 2017,"@AmazonHelp Like no matter where I click from ""where's my stuff"" it just takes me to an answer that doesn't help me, how do I go straight to talk to someone",176356,176352.0,176360.0
1481845,340075,True,Fri Nov 03 02:06:48 +0000 2017,@AmazonHelp After 2-3 days you people will again say no option for you take your refund back this is the shit reason you will give and sorry shit reason,"1481843,1481846",1481847.0,1473716.0
2674383,706413,True,Sun Nov 19 12:31:09 +0000 2017,@AmazonHelp I am already replied on this link but not respond from your side now please tell me what to do I am tired now,,2674382.0,2674384.0
487697,231086,True,Fri Dec 01 16:21:30 +0000 2017,"@AmazonHelp I did, it says no messages lol. I'm very confused",487698,487696.0,487694.0
1019590,361247,True,Sat Oct 14 20:30:10 +0000 2017,@AmazonHelp A zieht Kundengelder ein u ist völlig unfähig zu liefern. 5€ Gutschein dafür dass ich was bestelle was nicht ankommt? Lächerlich,1019591,1019588.0,1019587.0
2938287,812182,True,Wed Nov 29 12:28:46 +0000 2017,"@AmazonHelp Sí, tengo varios...uno era para ayer y me han retrasado la fecha. Otro era para hoy y lo mismo... Y siempre Correos...",2938286,2938288.0,2938289.0
311535,190398,True,Mon Oct 09 13:42:25 +0000 2017,@AmazonHelp And as per your process until you people come and pick up old device you wont dispatch new one.And the way you guys are 1/3,,311533.0,311527.0
2681958,754455,True,Sat Nov 25 23:33:19 +0000 2017,は？P3・P4・P4G・P5のサントラ全部無料かよ amazon神だな,2681957,,2681958.0
227950,170347,True,Sun Oct 01 23:05:02 +0000 2017,I've had my Kindle fire 10 months.  And the battery seems to die really quickly. Anyone else had this ??,227949,,227950.0
826600,316898,True,Fri Oct 13 01:23:12 +0000 2017,"@115850 @AmazonHelp @23773 @951 
Just wasted 15k on a defective G5S PLUS. Lost faith in Amazon &amp; Moto. *Sighs*","826599,826601,826602",,826600.0
2622444,740898,True,Fri Nov 17 17:38:53 +0000 2017,@AmazonHelp Have already done and waiting for your action. But I required it urgently and will be out of station for 20 days. I was about to gift it to someone.. all plan flushed in ..,2622446,2622443.0,2622445.0
1548392,153823,True,Sun Nov 26 02:41:42 +0000 2017,@AmazonHelp Como funciona o pagamento por débito online? Desde quarta-feira tento efetuá-lo e não consigo :(,1548391,,1548392.0
2468607,706263,True,Tue Nov 21 14:22:34 +0000 2017,@AmazonHelp Thanks. Is __email__ a genuine amazon email?,2468605,2468608.0,2468615.0
1078457,374404,True,Tue Oct 24 00:50:27 +0000 2017,@117804 Já garanti o meu!,1078456,1078458.0,1078458.0
1156200,126981,True,Tue Oct 24 18:06:48 +0000 2017,"@AmazonHelp hi, can you give me some advice on a return? If I DM the order number, would you be able to give me some details about return?",1156198,,1156200.0
500843,234636,True,Fri Dec 01 19:15:29 +0000 2017,@AmazonHelp I have contacted customer service and it has been 5 days with no response,500842,500844.0,500870.0
2276763,662156,True,Sat Nov 11 16:39:44 +0000 2017,@AmazonHelp Aunque no sea muy original... como empecé viendo la serie de Juego de Tronos.... He decido empezar a leerme todos los libros 🙈😍📖,2276762,2276764.0,2276765.0
1731216,523085,True,Tue Nov 07 11:44:12 +0000 2017,@115821 what’s the point of having same delivery if when you order it says it won’t be delivered on that day? So annoyed! @AmazonHelp,1731213,,1731216.0
871124,125066,True,Fri Oct 20 18:30:07 +0000 2017,#FireEmblemWarriors &amp; the #NintendoSwitch exclusive special edition are out now! Also available on the New Nintendo #3DS family of systems. https://t.co/IgqxknyBCs,871123,,871124.0
2811120,783920,True,Wed Nov 22 07:44:09 +0000 2017,@AmazonHelp I don't have an Amazon Account,2811118,2811123.0,2811124.0
947284,344644,True,Sat Nov 25 17:18:02 +0000 2017,@AmazonHelp I want others to see how you can refuse a mail and how others should not believe your mails anymore.,"947286,947287",947283.0,947285.0
729704,294771,True,Wed Oct 11 09:35:38 +0000 2017,"@AmazonHelp Sí, pero si me llega después de que me vaya me voy a llevar un chasco D:",,729703.0,729706.0
1239549,410745,True,Mon Oct 16 03:00:22 +0000 2017,@AmazonHelp Listen I didn’t get my package and I have been waiting for a long time so can you just fricken get it to me?,,1239548.0,1239545.0
295764,186443,True,Fri Oct 06 18:00:22 +0000 2017,"@AmazonHelp one book is showing up not on my author page where the other two are, how can i fix that?",295766,295763.0,295769.0
1581314,486812,True,Sat Nov 04 21:50:03 +0000 2017,@AmazonHelp Jetzt funktioniert es urplötzlich wieder. Gab es Serverprobleme?,1581316,1581313.0,1581312.0
2528829,719994,True,Thu Nov 16 05:58:55 +0000 2017,@AmazonHelp hi there! Been nearly a week “order not dispatched yet” how can I follow this up?,2528828,,2528829.0
1068370,371765,True,Sat Oct 14 23:50:06 +0000 2017,@AmazonHelp I'll just assume your lack of response means you're working on it?,,1068368.0,1068372.0
1423057,450552,True,Thu Nov 02 09:40:58 +0000 2017,@AmazonHelp How log i have to wait for it. Its almost 17 days i have placed the order. Flipkart is much much better then you guys.,,1422340.0,1422339.0
2560273,449947,True,Thu Nov 16 17:21:21 +0000 2017,@AmazonHelp No message. The expected shipping/delivery date just changes in my list of orders.,2560272,2560274.0,2560275.0
1347597,434260,True,Fri Oct 20 09:49:21 +0000 2017,@AmazonHelp I have responded on this link as well. Sent emails and made customer care calls. https://t.co/dQ0sNLvYwA,"1347596,1347598",1347599.0,1347601.0
1368962,438646,True,Fri Oct 27 22:39:59 +0000 2017,".@115821 what's the point of pre-ordering with you guys if you can't deliver faster than me walking into the store, the Switch 2 be here 1st",1368961,,1368962.0
748696,298518,True,Wed Oct 11 17:18:03 +0000 2017,@AmazonHelp Updat wont hlp...delivery will..pls deliver by morning 10 to avoid one more day loss..my product is an exchange one..which makes me handicap,748694,748705.0,746762.0
840884,319977,True,Fri Oct 13 11:52:55 +0000 2017,@AmazonHelp It just says Amazon Shipping on my orders the van that brought the other parcel said nothing on the side,840885,840882.0,840409.0
1456407,458033,True,Thu Nov 02 19:23:41 +0000 2017,@AmazonHelp My mistake that I bought smthng via amazon when u trouble so much ur customer.,,1456406.0,1456416.0
1996350,371319,True,Sun Nov 26 10:50:29 +0000 2017,"@AmazonHelp Don’t get me wrong, I’m pleased it’s turning up early, but if I wasn’t in today it’d go to my neighbour (also fine, usually!) but there is LOADS turning up and wouldn’t want to clog up their hallway taking them all in!",,1996349.0,1996351.0
2290044,623801,True,Sun Nov 12 07:38:11 +0000 2017,@AmazonHelp @115850  I've already replied last time. How much time I've to reply?,2290045,2290043.0,2116190.0
1774534,533289,True,Wed Nov 08 04:23:08 +0000 2017,Amazon来たあああああああああああ！！！！！*･゜ﾟ･*:.｡..｡.:*･'(*ﾟ▽ﾟ*)'･*:.｡. .｡.:*･゜ﾟ･* https://t.co/SVBSUZycfX,1774533,,1774534.0
385386,116316,True,Mon Oct 09 12:27:00 +0000 2017,"@207246 Wir haben nachgedacht und finden, soviel Kreativität muss belohnt werden! Melde dich bitte mal hier: https://t.co/ldRsgyPA3t :-)",386196,385385.0,385390.0
268651,180045,True,Fri Oct 06 00:57:30 +0000 2017,@AmazonHelp Visio tv,268653,268650.0,268652.0
2784561,777493,True,Tue Nov 21 18:01:11 +0000 2017,@AmazonHelp Que me mandan cartas haciendome sentir especial y es la misma promocion que me sale todos los días en la aplicación,,2784560.0,2784562.0
1007043,358303,True,Sun Oct 22 18:29:47 +0000 2017,@AmazonHelp My PC,1007041,1007044.0,1007045.0
361714,181613,True,Sun Oct 08 17:28:39 +0000 2017,"Hi @AmazonHelp, I just bought a product, money deducted &amp; now email comes saying I have product limit, cannot buy. Help?","361712,361716,361717",,361714.0
1152550,338511,True,Tue Oct 24 16:28:36 +0000 2017,"@AmazonHelp Item not delivered , no tracking information, customer service can't find it and keep saying 24 hrs not even DPD know where it is",1152549,1152551.0,1152552.0
2894658,596925,True,Tue Nov 28 15:33:05 +0000 2017,"I'm trying to send an @AmazonHelp gift to a family member, and EVERY TIME I add a gift note, it changes it to my address 😤😤😤",2894657,,2894658.0
1372131,331695,True,Mon Oct 16 14:38:09 +0000 2017,"@AmazonHelp Still getting declined. Skipped gift cards n paid for the items off credit c. Rejected at first, then one item was allowed through but not..",1372130,1372132.0,1372132.0
283095,159034,True,Fri Oct 06 13:43:16 +0000 2017,@AmazonHelp #fraudamazonoffers,,283094.0,281966.0
980800,352295,True,Sat Oct 14 08:08:50 +0000 2017,@115850 @AmazonHelp SBI 10% Cashback offer is valid for prime membership account if i want to buy MOTO G5 S PLUS.(India),980799,,980800.0
1556270,481171,True,Sat Nov 04 12:27:00 +0000 2017,@AmazonHelp Danke!,,1556269.0,1556271.0
117857,142143,True,Thu Nov 23 21:54:29 +0000 2017,"@117804 Havia emprestado meu Kindle Paperwhite à minha irmã. Ela se apaixonou...e acabou de comprar o seu com o desconto de R$ 110,00. 😉",117855,117865.0,117865.0
347759,198816,True,Sun Oct 08 05:44:14 +0000 2017,@115850 Neither i have received any feedback from @115850 @AmazonHelp on my product.,347758,347760.0,347760.0
395230,169172,True,Sat Jun 17 17:56:22 +0000 2017,@AmazonHelp @115830 301st day requesting any kind of response,395231,395229.0,395394.0
1745580,526330,True,Tue Nov 07 14:59:53 +0000 2017,"@AmazonHelp I wonder with the state of this packaging, where my Amazon package has been on it's 3 day bender? (ie late delivery) https://t.co/jKcW7lEn8G",1745579,,1745580.0
1719117,350794,True,Tue Nov 07 07:14:35 +0000 2017,@AmazonHelp Done,1719118,1719116.0,1719115.0
2725890,764452,True,Mon Nov 20 13:15:43 +0000 2017,"Consider better training of @115830 delivery teams? I've ordered lots recently &amp; put clear delivery instructions in case I am not in.Instructions ignored ALL the time:left in front of my door,@ a different neighbour &amp; today a different street (my street #s stop @ 8)! https://t.co/ekS89npASO",2725889,,2725890.0
989954,354494,True,Sun Nov 05 03:01:11 +0000 2017,"@AmazonHelp its of no use.
Tried more than 5-6 times but no help. Can you plz direct anyone to handle this or share contact details","989953,989955",989956.0,989957.0
2614042,738981,True,Fri Nov 17 13:29:13 +0000 2017,@115850 Need help on order 407-0162713-2131519.,2614040,,2614042.0
2722670,763810,True,Mon Nov 20 11:13:39 +0000 2017,@AmazonHelp Awesome!!,,2722669.0,2722671.0
2374529,684446,True,Tue Nov 14 14:54:05 +0000 2017,@AmazonHelp Yes,2374533,2374526.0,2372318.0
1712574,518725,True,Tue Nov 07 01:05:40 +0000 2017,@AmazonHelp Por ustedes,"1712575,1712573",1712576.0,1712578.0
1601612,491663,True,Sun Nov 05 05:24:07 +0000 2017,@AmazonHelp my credit card was debited with prime membership fees though I am not Amazon Prime member. No one is available to sort. Help,1601611,,1601612.0
1838566,551075,True,Wed Oct 18 06:09:23 +0000 2017,@115850 Order# 403-0139997-5220342,"1838838,1838839",1838565.0,1838565.0
1363472,437476,True,Mon Oct 16 15:10:15 +0000 2017,"@115850 Even in this digital age with good server infra and DB , turnaround time to check what is the  issue was 12hr.","1367673,1367692",1363471.0,1363471.0
2730317,115825,True,Mon Nov 20 13:24:26 +0000 2017,"Die Cyber Monday Woche geht los. Jetzt Angebote sichern! 
&gt;&gt;&gt; https://t.co/fTCtOOekj6

Schnäppchenjäger aufgepasst: Von 20. bis 27. November gibt es aktuelle Blockbuster und Serien bis zu 50% günstiger. Jetzt bei Amazon Video! https://t.co/HvjNCsJbO5","2730313,2730318",,2730317.0
2449363,702024,True,Wed Nov 15 02:25:33 +0000 2017,Wow thank you for fucking me @115821 on Amazon Prime. really needed that. Thanks.,2449362,,2449363.0
2937449,240694,True,Wed Nov 29 11:54:55 +0000 2017,友人もAmazonプライム会員になってて良いって言ってるし会員なってみようかな,2937448,,2937449.0
1494247,412002,True,Fri Nov 03 11:11:45 +0000 2017,@AmazonHelp Preparing for dispatch. Your chat service just confirmed you can’t deliver on time as no stock! Cancelled my order. Amazon FAIL,,1494246.0,1494249.0
2573810,729897,True,Thu Nov 16 20:30:55 +0000 2017,@AmazonHelp it was supposed to arrive in time for my dads bday and didn't :/ https://t.co/DzdjLlgis6,,2573809.0,2573811.0
477692,228481,True,Fri Dec 01 12:08:23 +0000 2017,"Looks like I've had another package stolen by a @115817 driver.  @115821 needs to find other companies to work with, especially during the holidays.",477690,,477692.0
2859926,794725,True,Mon Nov 27 22:15:09 +0000 2017,"@AmazonHelp Not anymore, but just about every Logistics driver has had to call me and get directions to my house.",2859925,2859927.0,2859928.0
863881,325154,True,Fri Oct 20 17:37:26 +0000 2017,@AmazonHelp How’d y’all take my money from one card but say you refunded it to a whole other card? &amp; don’t feel I should be compensated  your mishap😔🙁,863884,863880.0,863883.0
2528244,719850,True,Thu Nov 16 05:34:55 +0000 2017,#amzl_us is such a disappointment. I run into so many “carrier delays” when things are out for delivery it doesn’t make me have much faith in their prime service anymore.,2528242,,2528244.0
1103639,377482,True,Mon Oct 23 23:59:28 +0000 2017,@AmazonHelp This was after not hearing or receiving and email for three days. Might as well just never use amazon again. Plenty of other options.,,1103636.0,1103640.0
29992,122598,True,Wed Nov 01 11:38:37 +0000 2017,@AmazonHelp Bought printer to print didn't get on time had to spend  rs 1200 for printing 120 pages even after ordering printer !! Who will pay the loss,29993,29989.0,29991.0
101215,138149,True,Tue Nov 28 08:12:12 +0000 2017,@AmazonHelp  https://t.co/GcQLiUVD13,,101213.0,101221.0
1058025,269386,True,Fri Oct 20 05:52:22 +0000 2017,@AmazonHelp Hey guys. Any ideas what's happening with this? I pre-ordered and it has already been released yet i've not received it. https://t.co/AV8Iqb2Ctk,1058024,,1058025.0
1600414,155893,True,Sun Nov 05 04:12:41 +0000 2017,"@115850 is this 100 rps worth of wrapping, n luk at dis poorly printed note, n box of this pdct is so old, thanq fo spoiling my mum’s bday https://t.co/qGUrfp7UWh","1600412,1600435",,1600414.0
1024207,362386,True,Sat Oct 14 16:53:38 +0000 2017,"@115830 can you add a ""do not leave with neighbour's"" option?. Safe place is stated. Idiot drivers.",1024206,,1024207.0
744143,297926,True,Wed Oct 11 16:11:37 +0000 2017,@AmazonHelp Yup! I've looked everywhere. And it's been far more than 36 hours.,744145,744142.0,744144.0
83472,134339,True,Thu Nov 30 13:36:20 +0000 2017,@AmazonHelp Here is what I see. I have also received an email saying that it is out of stock and if I want to cancel the order https://t.co/kjyD9OdoPg,83470,83473.0,83474.0
397371,210096,True,Fri Oct 27 13:21:03 +0000 2017,@AmazonHelp pay for one-day delivery and it STILL hasn't been dispatched yet?? Whats up with that Amazon??,397370,,397371.0
179577,158297,True,Wed Oct 04 07:39:58 +0000 2017,"@115850 y m i nt getting delivery of (abof) t shirts at any address in mumbai or surat?
T shirts are showing in stock as well",179572,,179577.0
1905477,567805,True,Wed Oct 18 14:15:48 +0000 2017,@AmazonHelp Call back now +918884963995,,1905475.0,1905480.0
225014,169757,True,Thu Oct 05 06:03:25 +0000 2017,@AmazonHelp I am okay if I will get my product in Saturday instead of Friday .but when I am requesting you agents to change the color.they simply saying,225016,225013.0,225015.0
2836993,789611,True,Mon Nov 27 15:39:18 +0000 2017,@AmazonHelp Thanks but I've already arranged to return it via Hermes pick-up tomorrow for refund.,,2836992.0,2836994.0
2758625,155868,True,Sat Nov 18 19:42:22 +0000 2017,@AmazonHelp It always I’m locked out for security purposes and won’t order my stuff,2758624,2758626.0,2758627.0
2586313,672281,True,Fri Nov 17 01:03:01 +0000 2017,@AmazonHelp Acho que “Quem é você Alasca?” dizem que é um dos melhores do Jhon Green,2586315,2586312.0,2586314.0
320618,192392,True,Sat Oct 07 12:14:01 +0000 2017,@AmazonHelp Are you doing something about this. I have half a mind to unsubscribe totally. It’s irritating!,320617,320619.0,320622.0
2536404,721551,True,Thu Nov 16 09:53:31 +0000 2017,@721552 @AmazonHelp Un bisous du support technique &gt; All ;),,2536402.0,2536406.0
144087,148578,True,Fri Nov 24 18:23:26 +0000 2017,"@AmazonHelp I have fill up the details in form and submitted , kindly help in getting my product deliver to my address",144088,144086.0,144091.0
1731193,504355,True,Tue Nov 07 12:45:07 +0000 2017,@AmazonHelp support team is useless.am contacting them from sat4oct17.and today they r saying sorry we cant help it to unaware of delivery guy abt offer,"1731194,1731195",1731192.0,1731191.0
1221853,406706,True,Wed Oct 25 15:39:07 +0000 2017,@AmazonHelp Os preços tbm! Haha,1221855,1221852.0,1221854.0
2345595,678258,True,Sun Nov 26 16:58:18 +0000 2017,@AmazonHelp On any #Motorola Phone it's is not applicable.,2345596,2345593.0,2345594.0
988122,354116,True,Sat Oct 14 10:42:05 +0000 2017,"Amazonで買った発砲ビーズが全然届かない…
ハロウィンカラーのスライム
💀👿🎃👻 https://t.co/PEt95A8j1s",988121,,988122.0
2827848,787613,True,Sat Nov 11 00:00:35 +0000 2017,"@787612 @116313 スペック見る限りは実用的には有りです！
充電池容量は1200mAh。光量は160ルーメンあるみたいですし、ローライト設定なら25時間点灯で防水。コスパはよろしいかと！
気になる点はバンドベルトな点だけですね。さほどデメリットになるわけではないですけど。",2827847,2827849.0,2827850.0
1381854,132485,True,Fri Nov 10 03:12:00 +0000 2017,@AmazonHelp I received the email! It said your order is on its way be patient.That's the same order for hird time and my other order has not beed fixed,1381856,1381853.0,1381855.0
1135903,387607,True,Tue Oct 24 10:00:14 +0000 2017,"@AmazonHelp A note to say that it was the https://t.co/5XGnlWW0Jc account details I was referring to, slightly unclear as to why I was charged via .com?",,1135901.0,1135904.0
989816,141265,True,Mon Nov 27 16:39:33 +0000 2017,@AmazonHelp I don't know how many times i need to say there is no email address associated with this account as it's on an app. As for specialist advisors they don't have the courtesy to call you back as promised.,989817,490588.0,113745.0
1122771,334894,True,Sun Oct 15 13:23:03 +0000 2017,Yay my Amazon order is out for delivery.,1122770,,1122771.0
1618378,180358,True,Sun Nov 05 14:55:09 +0000 2017,@AmazonHelp Just change the search engine on Prime Video. You don’t need another online formal complaint for this . Just do it.,1618380,1618377.0,1618379.0
2924542,809249,True,Wed Nov 29 03:08:32 +0000 2017,@AmazonHelp I have current orders that are late. But it’s more about that your delivery service is consistently late on the delivery dates you promise. Maybe it shouldn’t be some guy delivering packages from his car at 9:20 pm the day after?,"2924544,2924545",2924541.0,2924543.0
1887817,563034,True,Wed Nov 08 05:34:17 +0000 2017,なんか急にはじまった「Amazon Music Unlimited」ってなんだ。,1887816,,1887817.0
1203469,402718,True,Thu Oct 26 10:17:18 +0000 2017,"@AmazonHelp Ya todo ok, muchas gracias",1203471,1203468.0,1203470.0
671807,280284,True,Thu Nov 23 08:52:19 +0000 2017,@AmazonHelp お支払い番号のメールがこなくて困ってました、、。,671806,671808.0,671809.0
798808,310418,True,Thu Oct 12 15:50:37 +0000 2017,@AmazonHelp Your representative left the chat because he didnt have any answer and it is illegal to have false promises,,798806.0,798804.0
1538738,476982,True,Sat Nov 04 01:37:54 +0000 2017,"これも届いた👍🏻✨

Amazonってほんとに最高w

翌日に届くし！！！

便利便利😋😋 https://t.co/bLe3OLv9sI",1538737,,1538738.0
2733984,766293,True,Mon Nov 20 17:23:20 +0000 2017,"@AmazonHelp In addition to shouting at her at increasing volume levels, I did also try turning the echo off and playing the audiobook manually. The issue isn't starting the book, it's trying to resume when she stops reading after each chapter.",2733985,2733983.0,2733982.0
427310,216640,True,Tue Oct 10 13:02:33 +0000 2017,@AmazonHelp @115850 this is the third time its happening your delivery agents are not responding and even the customer service is worst.,427309,,427310.0
2773040,775059,True,Tue Nov 21 14:26:29 +0000 2017,@AmazonHelp Un vendeur qui s'appelle Amazon et dont le bandeau publicitaire dit clairement en haut sur fond vert 'peut être livré en France et en Belgique'. Si ça c'est pas de la pub mensongère c'est quoi alors ? @4738,2773042,2773039.0,2773041.0
1622658,326485,True,Sun Nov 05 17:15:43 +0000 2017,So @115821 @AmazonHelp sent out the wrong item and replaced it with the wrong item. I ordered jeep 5 lug spacers! They sent Toyota 6...twice https://t.co/JEHdSaXJXY,"1622659,1622657",,1622658.0
603201,263287,True,Sun Dec 03 23:06:18 +0000 2017,@AmazonHelp I am lost.. Looked at both sites.. Mobile and full site..,,603199.0,603202.0
2280034,258142,True,Sat Nov 11 20:04:12 +0000 2017,@AmazonHelp Yes the email was expected as I collected it then email came about 10 mins later. But goes to 404 page for amazon survey lol.,"2280036,2280037",2280033.0,2280035.0
1922921,572419,True,Wed Oct 18 14:40:07 +0000 2017,Anyone else being messed about by Amazon charging the wrong shipping costing us daily?Daily emails-12 days-but no action yet @AmazonHelp,"1922922,1922920",,1922921.0
1710072,518111,True,Tue Nov 07 04:24:10 +0000 2017,"@AmazonHelp Sí, eso es lo que me dijeron. Nunca antes había tenido ningún problema con #Amazon y confío 100% en que todo se aclarará",,1710071.0,1710070.0
2938309,812187,True,Wed Nov 29 12:21:27 +0000 2017,Hey @115830 so 7 products were meant to be delivered on Monday but still not arrived. So much for being a Prime customer 😡. Maybe be avoid making promises you can’t keep. #poorcustomerservice and what compensation do I get???,2938307,,2938309.0
629474,269123,True,Wed Nov 22 15:52:40 +0000 2017,@AmazonHelp Hola podría haceros una consulta por mensaje privado? Ya me ayudaron por correo electrónico  pero me falto decir una cosa y no se si puedo contestar al correo que se me envio desde amazon,,629473.0,629475.0
2574,116321,True,Tue Oct 31 21:43:12 +0000 2017,@AmazonHelp and redund issued on 13th https://t.co/1uydlorGCp no sing of my money and amazonuk just saying its in the billing department.no signof devlp,2573,2575.0,2577.0
593370,259026,True,Sun Dec 03 18:10:51 +0000 2017,@AmazonHelp If my money will not deducted I will use other option to recharge. I need your reply urgently,,593369.0,593373.0
440177,219466,True,Wed Oct 11 10:22:20 +0000 2017,@AmazonHelp Starting to get more deliveries with Royal Mail &amp; DPD. Can you confirm if you're back working with them in my area? *prays*,440176,,440177.0
2868482,796613,True,Tue Nov 28 01:07:01 +0000 2017,"The Amazon delivery guy who sent my Prime order to the wrong distribution center.

#UnlikelyPersonOfTheYear",2868480,,2868482.0
722540,292997,True,Wed Oct 11 02:57:23 +0000 2017,@AmazonHelp Already canceled thru chat and rebought thru Newegg. DROP this AMZL nonsense it is driving this decade+ Prime member and many others away.,,722539.0,722541.0
1403518,446306,True,Tue Oct 17 03:27:08 +0000 2017,@115850 What a joke @115850  @AmazonHelp .. delivering at an office space which was closed at the time of delivery.. Amazing! #subPrime #cheats https://t.co/gvyBj9IgZG,"1557204,1557203,1557205,1557206",1403515.0,1403515.0
2834204,535596,True,Mon Nov 27 14:14:56 +0000 2017,Guys at @115850 - you are the best ! Ordered for an anniversary at the last minute and got it at the perfect time ! Thank you so much !,2834203,,2834204.0
2938381,812197,True,Wed Nov 29 12:06:59 +0000 2017,I have bought an Echo in the US and will be using it in India. Will that work? Will the local apps available in India for Echo work with this device?@115833,2938379,,2938381.0
2761702,772655,True,Tue Nov 21 09:53:07 +0000 2017,@AmazonHelp No thanks ... I don't want to waste more time,2761703,2761701.0,2761700.0
445409,220492,True,Wed Nov 22 11:11:20 +0000 2017,@AmazonHelp I was called by someone then asked to explain the issue. I asked them to call me back once they were up to speed. I didnt think i should have to explain once again my problem when they have access to my livechat history. They called me back again and again asked me to explain.,,445406.0,445417.0
646764,273606,True,Wed Nov 22 18:28:35 +0000 2017,Seriously @115821 ?? The packaging waste needs to be resolved. I’m so sad every time I receive my order #ReduceWaste #CarbonFootprint https://t.co/qPg5H5x2ss,646763,,646764.0
347373,190746,True,Wed Oct 11 05:32:15 +0000 2017,"@AmazonHelp thanks a lot, u can check my tweets to jeffbezos &amp; emails &amp; other phone communications. Just refund &amp; compensate, close it @115851",347374,347372.0,312986.0
505762,236018,True,Fri Dec 01 21:01:57 +0000 2017,@AmazonHelp It's 9pm now. I'm going to work now,505761,505763.0,505764.0
382751,206720,True,Sat Oct 21 14:13:02 +0000 2017,@AmazonHelp Thank you for the resolution. I received my order now. 😇,382750,382752.0,382758.0
629620,269150,True,Wed Nov 22 15:36:39 +0000 2017,"@AmazonHelp Ajuda a gente, Amazon, eu lhe imploro 🙏🏽🙏🏽",,629619.0,629621.0
74563,132702,True,Thu Nov 30 11:39:29 +0000 2017,@AmazonHelp Creo que por Amazon,74565,74562.0,74564.0
1193909,400536,True,Wed Oct 18 02:15:11 +0000 2017,@115850  please update here,"1193908,1193910",1193911.0,1193911.0
483724,230075,True,Fri Dec 01 14:49:13 +0000 2017,"@115817 @115821

I have an order with two day delivery paid option placed on 27th Nov. Still items (tracking #1Z973Y6A0300840635) not delivered. Now I am leaving from town. Will miss my items","483722,483726",,483724.0
481509,229454,True,Fri Dec 01 13:58:48 +0000 2017,"Colis expédié par @120533 le 25/11. Livraison le 29/11. Ha non finalement le 30/11 ha bah non finalement, et grâce à @22249 PEUT ETRE le 05/12 !!",481507,,481509.0
288069,184646,True,Tue Oct 10 10:24:50 +0000 2017,@AmazonHelp i have called so many times on your customer care number.all representatives taking only time . kindly don't play time game.,288067,288070.0,288087.0
2576963,730686,True,Thu Nov 16 21:43:19 +0000 2017,"@AmazonHelp Already called. They talked to the driver directly, said he left it at my door. Won't even bother to come back and check so I'll have to order the damn thing again and wait your 24hrs before I can even get a refund. I've been a prime customer since 2010, means nothing I guess.",,2576962.0,2576964.0
2178027,638374,True,Sun Nov 12 10:05:20 +0000 2017,@AmazonHelp All sorted. Thanks Amazon!,2178029,2178022.0,2178028.0
56894,128887,True,Wed Nov 01 19:48:20 +0000 2017,"&gt;Die Lieferung wurde verzögert, da kein Schließfach frei war. 
Damit ist das Experiment ""Amazon Locker"" für mich gescheitert. 
@116316",56892,,56894.0
1400654,419812,True,Sun Oct 29 02:34:55 +0000 2017,@AmazonHelp Pls tell us what is the final outcome,1400655,1400653.0,1281419.0
2602886,736608,True,Sun Nov 26 21:15:02 +0000 2017,@AmazonHelp I'm watching it through the app on an LG TV.,2602884,2602890.0,2602891.0
2458435,704103,True,Wed Nov 15 05:32:41 +0000 2017,"Absolutely livid with @115821 rn. I preordered #PokemonUltraSun IN JUNE so that it would arrive the day it came out. By changing the shipping to “one-day” it changed my estimated time of arrival from release day (Friday) TO MONDAY!! WTF?! This is so not cool, guys.☹️😤","2458434,2458436",,2458435.0
510410,237261,True,Fri Dec 01 23:02:11 +0000 2017,@AmazonHelp Ahh. I wish I knew that I would have changed them. https://t.co/gVNRW6ypJ5,,510409.0,510408.0
1717553,520080,True,Tue Nov 07 01:55:08 +0000 2017,@518725 @AmazonHelp tum tum esas madres son bots nunca van a responderte,,1712577.0,1712578.0
412998,147603,True,Sat Nov 25 05:40:17 +0000 2017,Never using @115821 again. Prime will say your package will come in 2 days and not actually ship for a week. I paid $100 for nothing. #wastedmymoney #liars #scam,412996,,412998.0
1096849,378832,True,Mon Oct 23 21:45:02 +0000 2017,@115830 @115821 @AmazonHelp @172599 @123644,"1096848,1096850",1096851.0,1096852.0
2619672,357722,True,Fri Nov 17 15:21:59 +0000 2017,@AmazonHelp Directly through amazon,2619670,2619676.0,2619677.0
1213448,404805,True,Wed Oct 25 16:26:32 +0000 2017,@AmazonHelp But I don't want to be charged next April hence why I'm trying to cancel it so surely I shouldn't be entitled to the free trial?,1213447,1213449.0,1213450.0
364046,202277,True,Sun Oct 08 19:22:26 +0000 2017,@AmazonHelp I would be great to have GPS tracking for us to check your drivers locations like other couriers have.,364049,364045.0,364048.0
2383340,687028,True,Tue Nov 14 06:40:46 +0000 2017,Amazonプライムミュージックの邦楽ラジオ良い感じに懐メロながれてありがてえ,2383339,,2383340.0
120176,142679,True,Thu Nov 23 23:06:40 +0000 2017,@AmazonHelp Chrome on Win 7.,120174,120177.0,120178.0
1598706,491009,True,Sun Nov 05 03:44:22 +0000 2017,@AmazonHelp yes I spoke to Customercare they said it’s technical issue but not resolved. What do hair mean by technical issues?,1598707,1598703.0,1598701.0
222636,169190,True,Thu Oct 05 04:31:13 +0000 2017,"@AmazonHelp Sure, no problem. Looking forward to it.",222638,222635.0,222642.0
180240,158410,True,Wed Oct 04 11:33:08 +0000 2017,@AmazonHelp @115851 Repliyed many times not getting revert odr no is 4__credit_card__ order for canon1300d co no 7078909206 u r refundng on 8th https://t.co/eEGOUpa6eW,"180241,180239",180242.0,180253.0
335716,196042,True,Sat Oct 07 21:49:37 +0000 2017,@AmazonHelp Monday not acceptable needs to be tomorrow,,335715.0,335713.0
1178912,230690,True,Tue Oct 24 21:36:59 +0000 2017,"@AmazonHelp why not make a drop down option. i've visited the url a bunch of times, but shouldn't have to enter new URL from within Amazon. Crazy town.",1178914,1178911.0,1178913.0
291773,185480,True,Fri Oct 06 15:40:12 +0000 2017,"@115850 Hi, I have ordered fans . Unfortunately the product is not upto the mark. Placed refund and return request. Please help urgently",291772,,291773.0
1762300,530257,True,Wed Nov 08 00:23:38 +0000 2017,"@AmazonHelp Hi ty..I tried following the directions but it says ""Go to Your Orders.
Locate your order in the list and click File/View Claim"" but there is no such ""file claim"" option? TX!",1762301,1762298.0,1762293.0
232434,171327,True,Thu Oct 05 11:06:01 +0000 2017,@115850  i ordered a dumbell set from B fit delivery day was 13th October then yesterday it was to be delivered by @171328 not got yet,"232432,232436",,232434.0
1489482,465951,True,Wed Nov 08 06:18:28 +0000 2017,@AmazonHelp mein Paket ist übrigens immer noch nicht da! Und das Formular werde ich nicht wie die anderen Male nochmals ausfüllen….1/2,1489483,1489479.0,1489478.0
612770,259347,True,Wed Nov 22 13:43:51 +0000 2017,@AmazonHelp Thanks but no chat option! Just phone or email!,,612769.0,612772.0
346732,198557,True,Sun Oct 08 03:58:14 +0000 2017,@115821 @115850 and since then no information. No texts or calls on it's status. No details of courier boy shared. Finally I call 2 of 3,346730,,346732.0
358866,200612,True,Sun Oct 08 17:02:22 +0000 2017,@AmazonHelp If you guys really wanna help me then help here only otherwise Fuck off now.,358867,358865.0,358857.0
1717542,517966,True,Tue Nov 07 00:28:43 +0000 2017,@AmazonHelp I messaged them through the link provided but haven't heard from them. Ive never needed to answer the door for amazon deliverys,,1717541.0,1717543.0
1262588,412296,True,Thu Oct 26 11:18:21 +0000 2017,@AmazonHelp I’ve clicked thru 50 common items and things I’ve orders before. Only options are 2 day,,1262584.0,1262589.0
2111176,622722,True,Wed Nov 08 17:03:10 +0000 2017,@AmazonHelp Question. When it comes to returning a product. How can I return it and do I have to pay anything? And how do I get my refund?,2111178,2111174.0,2111177.0
2811729,784054,True,Wed Nov 22 08:36:26 +0000 2017,@AmazonHelp Yeah I️ did. Impressed that your fake bots were good enough to fulfill your promises,,2811728.0,2811727.0
2929522,810415,True,Wed Nov 29 06:21:46 +0000 2017,"@116875 Compré una máquina de afeitar y no funciona (a parte de que tiene restos de pelos, como si fuera usada). Solo me dan la opción de reembolso, yo quiero que me envíen una nueva y funcionando, ¿no es posible?",2929521,,2929522.0
2488911,710764,True,Mon Nov 27 16:06:53 +0000 2017,"@AmazonHelp It says ""In Transit""... I tried to contact the delivery company directly but no one has gotten back to me. This is so frustrating, I could have just gone and bought one at the store 3784368 by now!! 😡",2488913,2488910.0,2488912.0
665163,278529,True,Fri Oct 13 17:34:33 +0000 2017,@AmazonHelp I ordered a set of 6 frames and one came broken. Can I just send back one or do I need to send back all 6?,665161,,665163.0
136228,146697,True,Tue Nov 28 17:41:03 +0000 2017,@AmazonHelp I tried chat and am now on the phone,"136229,136230",136227.0,136222.0
1441945,454550,True,Thu Nov 02 12:26:56 +0000 2017,"Amazonで購入した、今日到着予定の古本がまだ届かない。
だから追跡できない「ゆうメール」は嫌なんだよ。
よく確認してから買えばよかった。",1441943,,1441945.0
1614540,495241,True,Sun Nov 05 15:13:09 +0000 2017,@AmazonHelp It's not showing that particular order in my order list?,1614542,1614539.0,1614541.0
1791159,538030,True,Sun Nov 26 07:04:55 +0000 2017,"@AmazonHelp I didn’t ask for it to be in a specific location, the app just told me that and I thought it was funny. No problem here",1791161,1791158.0,1791160.0
313704,190905,True,Sat Oct 07 05:35:38 +0000 2017,@AmazonHelp The issue is that yesterday I got message from Amazon that my product is out of delivery then im waiting for that after that I got a call,,313703.0,313713.0
1741664,525429,True,Tue Nov 07 17:22:33 +0000 2017,Very disappointed with @115830 service today. 2 of the last 3 parcels have now been delayed. Don’t think my prime service will be renewed.,1741663,,1741664.0
140896,147794,True,Fri Nov 24 11:59:32 +0000 2017,@AmazonHelp Hi it came with the order. It doesn't show up as part of the order.,140894,140897.0,140898.0
389313,208137,True,Mon Oct 09 14:48:19 +0000 2017,@115821 keeps failing to deliver packages on time. Happened to my friend and to me separately this weekend again and put us in a bind.,389308,,389313.0
2766431,773652,True,Tue Nov 21 09:44:09 +0000 2017,@AmazonHelp but my account has canceled by Amazon. I don't have an account to log in. What should I do?,2766429,2766432.0,2766433.0
2801407,781503,True,Wed Nov 22 00:59:10 +0000 2017,"@AmazonHelp A bit late now. I don't think attaching delivery stickers directly onto the goods and having no packaging at all is an acceptable way to send parcels, expected the plain brown box I have always had.",,2801406.0,2801408.0
951831,345811,True,Sat Oct 21 20:12:43 +0000 2017,"@118919 @115850  
What is this Answer??? completely and clear 
Is the people foolish ?? https://t.co/pBhgNV5D1U",951830,,951831.0
197563,162481,True,Wed Oct 04 20:41:29 +0000 2017,"@AmazonHelp I have, and I’m just told that someone will be in contact, this is absolutely ridiculous. I’ve already missed almost a day of the Beta.",,197562.0,197564.0
739690,296902,True,Wed Oct 11 13:31:43 +0000 2017,"@AmazonHelp +was on the delivery/shipping charges that were almost 1000Rs, when I opted for faster delivery!",,739688.0,739101.0
1547856,479214,True,Tue Oct 17 02:37:49 +0000 2017,idk what happened to my fire stick but it’s not working,1547855,,1547856.0
2098710,619941,True,Thu Oct 19 03:50:39 +0000 2017,@AmazonHelp I have a pack of your rechargeable AA batteries and they hardly fit in anything. They seem too big :\ What gives?,2098708,,2098710.0
2288235,664791,True,Thu Oct 19 19:25:04 +0000 2017,@115850  A phone(defective) that was intended to be a diwali gift has yet not been returned nor refunded for.Thank you for ruining diwali. https://t.co/JuhZMzRhfg,"2288234,2288236",,2288235.0
1844003,552474,True,Wed Oct 18 10:52:33 +0000 2017,Amazonて決済終わってから返品できんのかな,1844002,,1844003.0
2510709,715655,True,Mon Oct 30 04:47:15 +0000 2017,"@AmazonHelp It is a movie not a TV series...OK..if someone had been watching it,would appreciate notification before content is removed midway,thanks!!",2510711,2510708.0,2510710.0
142010,148047,True,Fri Nov 24 12:31:41 +0000 2017,@AmazonHelp I purchased something this morning but I haven't received a confirmation email yet. Can you please assist?,142008,,142010.0
2923408,809003,True,Wed Nov 29 02:39:42 +0000 2017,"@AmazonHelp Parabéns pela dedicação! O lance dos livros dentro dos plásticos é um detalhe pequeno que muita gente pode não valorizar, mas que reflete o cuidado de vocês em oferecer bom serviço e bons produtos. Nunca mudem!
Comprei esses aqui: https://t.co/WFmsLJI9az",2923407,2923409.0,2923410.0
1032341,364258,True,Mon Oct 23 05:28:21 +0000 2017,"@AmazonHelp If you can call me personally, i'd appreciate it",1032342,1032338.0,1032340.0
2864680,795682,True,Tue Nov 28 00:02:41 +0000 2017,"@AmazonHelp Hey, what happened to the instant pot cyber Monday deal?  It’s still Monday.",2864678,,2864680.0
181254,158561,True,Sat Nov 25 01:36:27 +0000 2017,"@AmazonHelp Today, 11/24, by 8pm.",181252,181258.0,181261.0
934276,341633,True,Sat Oct 21 17:40:13 +0000 2017,"Me habéis cobrado un mes de Amazon Prime cuando ni si quiera estoy suscrita, ¿Me explicáis? @AmazonHelp","934275,934277",,934276.0
2310272,147108,True,Tue Nov 14 10:21:41 +0000 2017,@AmazonHelp I just pre-ordered it THANK YOU SO MUCH https://t.co/riWLjqZpvo,2310273,2310270.0,2310269.0
2602908,736610,True,Sun Nov 26 21:15:36 +0000 2017,@115830 None.  Spoke to them via Amazon assistant Friday night.  Was told it was being escalated to a manager for urgent review and they would contact us again by email with next steps that night.  No response since.,2602907,2602909.0,2602909.0
422046,215531,True,Tue Oct 10 15:34:38 +0000 2017,@AmazonHelp Pls do..,422047,422045.0,422040.0
1473259,461978,True,Fri Nov 03 01:37:40 +0000 2017,@115821 Just being transferred everywhere. Is Kindle Unlimited and Music included in prime. They said yes but when I went to kindle charged me again,1473260,1473258.0,1473258.0
1480483,463779,True,Mon Oct 16 21:31:00 +0000 2017,"@AmazonHelp A charge was accidentally made with the gift card and so they said there is nothing that can be done, even though it was supposed to have",1480484,1480482.0,1480481.0
2017525,596654,True,Wed Nov 08 08:03:39 +0000 2017,@AmazonHelp When is Amazon coming to australia????,2017523,,2017525.0
2578492,731025,True,Fri Nov 17 12:14:32 +0000 2017,@AmazonHelp Nun ihr verfolgt schon Medien oder? BF2 bekommt nicht die besten Kritiken. Fragt mal EA :D,,2578491.0,2578493.0
1489420,465941,True,Fri Nov 03 08:52:56 +0000 2017,@AmazonHelp  I pre ordered call if duty wwii a while back on ps4 for bu it says I’m recieving an Xbox one version.,1489419,,1489420.0
631668,269693,True,Wed Nov 22 16:38:43 +0000 2017,@AmazonHelp I reached out Saturday and again yesterday since I didn’t hear back.,631670,631667.0,631676.0
2868316,664403,True,Tue Nov 28 01:33:39 +0000 2017,@AmazonHelp Its primarily with the Amazon Logistics delivering with the local carriers. But this time it is with USPS.,2868314,2868317.0,2868318.0
1614503,495233,True,Sun Nov 05 13:16:23 +0000 2017,Bonjour @120533 la prochaine fois que c'est @120534 qui livre j'annule ma commande. J'habite en résidence et il y a quelqu'un https://t.co/C1rc05ajtb,"1614501,1614504",,1614503.0
941339,343164,True,Sat Oct 21 15:57:27 +0000 2017,@AmazonHelp And we have played for it,941343,941338.0,941342.0
2535354,721329,True,Thu Nov 16 07:23:15 +0000 2017,@115850 Your people keep sending me SMS saying that they cannot reach me. I am very much reachable but your people keep delaying the delivery. I am waiting for them.,"2535355,2535353",,2535354.0
